dose,cv_iiv,AUC_E,Cmax,herg_rate,caco_rate,composite_score,constraints_met,efficacy_score,safety_score
50.0,0.15,8.266402122038103,4.987202526817276,0.4470202294549717,1.0,-9.55874796100947,False,0.5510934748025402,0.27648988527251417
50.0,0.175,8.266402122038103,4.987202526817276,0.4754511399338136,1.0,-9.564434143105238,False,0.5510934748025402,0.26227443003309325
50.0,0.19999999999999998,8.266402122038103,4.987202526817276,0.5015366465555463,1.0,-9.569651244429584,False,0.5510934748025402,0.2492316767222269
50.0,0.22499999999999998,8.266402122038103,4.987202526817276,0.5257311145061585,1.0,-9.574490138019707,False,0.5510934748025402,0.23713444274692075
50.0,0.25,8.266402122038103,4.987202526817276,0.548361148036529,1.0,-9.579016144725781,False,0.5510934748025402,0.22581942598173543
50.0,0.27499999999999997,8.266402122038103,4.987202526817276,0.5696705270951741,1.0,-9.583278020537511,False,0.5510934748025402,0.21516473645241296
50.0,0.3,8.266402122038103,4.987202526817276,0.5898467290413496,1.0,-9.587313260926745,False,0.5510934748025402,0.2050766354793252
50.0,0.32499999999999996,8.266402122038103,4.987202526817276,0.609037477322792,1.0,-9.591151410583034,False,0.5510934748025402,0.195481261338604
50.0,0.35,8.266402122038103,4.987202526817276,0.6273615403286573,1.0,-9.594816223184207,False,0.5510934748025402,0.18631922983567129
50.0,0.375,8.266402122038103,4.987202526817276,0.6449160429733088,1.0,-9.598327123713137,False,0.5510934748025402,0.17754197851334563
50.0,0.39999999999999997,8.266402122038103,4.987202526817276,0.6617815726725524,1.0,-9.601700229652986,False,0.5510934748025402,0.16910921366372378
50.0,0.42499999999999993,8.266402122038103,4.987202526817276,0.6780258401787659,1.0,-9.60494908315423,False,0.5510934748025402,0.160987079910617
50.0,0.44999999999999996,8.266402122038103,4.987202526817276,0.6937063645303264,1.0,-9.60808518802454,False,0.5510934748025402,0.15314681773483674
50.0,0.475,8.266402122038103,4.987202526817276,0.7088724815715706,1.0,-9.61111841143279,False,0.5510934748025402,0.14556375921421472
50.0,0.5,8.266402122038103,4.987202526817276,0.7235668727947061,1.0,-9.614057289677417,False,0.5510934748025402,0.1382165636026469
57.89473684210526,0.15,9.501718368143115,5.774655557367373,0.4989752300219301,1.0,-9.519726311278662,False,0.6334478912095409,0.25051238498903494
57.89473684210526,0.175,9.501718368143115,5.774655557367373,0.530710527802994,1.0,-9.526073370834874,False,0.6334478912095409,0.234644736098503
57.89473684210526,0.19999999999999998,9.501718368143115,5.774655557367373,0.5598278267733054,1.0,-9.531896830628936,False,0.6334478912095409,0.22008608661334728
57.89473684210526,0.22499999999999998,9.501718368143115,5.774655557367373,0.5868343007882157,1.0,-9.537298125431919,False,0.6334478912095409,0.20658284960589213
57.89473684210526,0.25,9.501718368143115,5.774655557367373,0.6120945137320195,1.0,-9.542350168020679,False,0.6334478912095409,0.19395274313399025
57.89473684210526,0.27499999999999997,9.501718368143115,5.774655557367373,0.6358805789183222,1.0,-9.54710738105794,False,0.6334478912095409,0.18205971054083891
57.89473684210526,0.3,9.501718368143115,5.774655557367373,0.6584017632936614,1.0,-9.551611617933007,False,0.6334478912095409,0.1707991183531693
57.89473684210526,0.32499999999999996,9.501718368143115,5.774655557367373,0.6798229594880726,1.0,-9.55589585717189,False,0.6334478912095409,0.16008852025596365
57.89473684210526,0.35,9.501718368143115,5.774655557367373,0.7002767397665086,1.0,-9.559986613227577,False,0.6334478912095409,0.1498616301167457
57.89473684210526,0.375,9.501718368143115,5.774655557367373,0.7198715174026689,1.0,-9.563905568754809,False,0.6334478912095409,0.14006424129866557
57.89473684210526,0.39999999999999997,9.501718368143115,5.774655557367373,0.7386972460981741,1.0,-9.56767071449391,False,0.6334478912095409,0.130651376950913
57.89473684210526,0.42499999999999993,9.501718368143115,5.774655557367373,0.7568295062988663,1.0,-9.571297166534048,False,0.6334478912095409,0.12158524685056693
57.89473684210526,0.44999999999999996,9.501718368143115,5.774655557367373,0.7743325022029308,1.0,-9.574797765714862,False,0.6334478912095409,0.11283374889853459
57.89473684210526,0.475,9.501718368143115,5.774655557367373,0.7912613037214236,1.0,-9.57818352601856,False,0.6334478912095409,0.10436934813928822
57.89473684210526,0.5,9.501718368143115,5.774655557367373,0.8076635530100876,1.0,-9.581463975876293,False,0.6334478912095409,0.09616822349495613
65.78947368421052,0.15,10.728613874384806,6.562108587917468,0.5491828707320053,0.9771973303816995,-9.476131485247349,False,0.7152409249589871,0.23680989944314756
65.78947368421052,0.175,10.728613874384806,6.562108587917468,0.5841114220714649,1.0,-9.4876777294389,False,0.7152409249589871,0.20794428896426753
65.78947368421052,0.19999999999999998,10.728613874384806,6.562108587917468,0.6161585476086884,1.0,-9.494087154546346,False,0.7152409249589871,0.1919207261956558
65.78947368421052,0.22499999999999998,10.728613874384806,6.562108587917468,0.645882453797791,1.0,-9.500031935784166,False,0.7152409249589871,0.17705877310110452
65.78947368421052,0.25,10.728613874384806,6.562108587917468,0.6736843874913137,1.0,-9.50559232252287,False,0.7152409249589871,0.16315780625434317
65.78947368421052,0.27499999999999997,10.728613874384806,6.562108587917468,0.6998638424551566,1.0,-9.510828213515639,False,0.7152409249589871,0.15006807877242168
65.78947368421052,0.3,10.728613874384806,6.562108587917468,0.7246511423918488,1.0,-9.515785673502977,False,0.7152409249589871,0.13767442880407565
65.78947368421052,0.32499999999999996,10.728613874384806,6.562108587917468,0.7482277716767197,1.0,-9.520500999359951,False,0.7152409249589871,0.12588611416164008
65.78947368421052,0.35,10.728613874384806,6.562108587917468,0.7707396421961029,1.0,-9.525003373463829,False,0.7152409249589871,0.1146301789019486
65.78947368421052,0.375,10.728613874384806,6.562108587917468,0.7923060759309175,1.0,-9.52931666021079,False,0.7152409249589871,0.10384696203454125
65.78947368421052,0.39999999999999997,10.728613874384806,6.562108587917468,0.8130260778600014,1.0,-9.533460660596608,False,0.7152409249589871,0.09348696106999932
65.78947368421052,0.42499999999999993,10.728613874384806,6.562108587917468,0.832982833447725,1.0,-9.537452011714153,False,0.7152409249589871,0.08350858327613753
65.78947368421052,0.44999999999999996,10.728613874384806,6.562108587917468,0.8522470072155935,1.0,-9.541304846467726,False,0.7152409249589871,0.07387649639220317
65.78947368421052,0.475,10.728613874384806,6.562108587917468,0.8708792102922265,1.0,-9.545031287083052,False,0.7152409249589871,0.06456039485388676
65.78947368421052,0.5,10.728613874384806,6.562108587917468,0.8889318786589802,1.0,-9.548641820756403,False,0.7152409249589871,0.05553406067050992
73.68421052631578,0.15,11.948151940442694,7.349561618467564,0.5979026798001726,0.9445324110173303,-9.430560940545792,False,0.7965434626961796,0.22878245459124846
73.68421052631578,0.175,11.948151940442694,7.349561618467564,0.6359298571947712,0.9741060102842576,-9.444081095878097,False,0.7965434626961796,0.19498206626048553
73.68421052631578,0.19999999999999998,11.948151940442694,7.349561618467564,0.6708199880778752,1.0,-9.456237919997868,False,0.7965434626961796,0.16459000596106232
73.68421052631578,0.22499999999999998,11.948151940442694,7.349561618467564,0.70318079922427,1.0,-9.462710082227145,False,0.7965434626961796,0.148409600387865
73.68421052631578,0.25,11.948151940442694,7.349561618467564,0.7334491334074308,1.0,-9.468763749063779,False,0.7965434626961796,0.13327543329628466
73.68421052631578,0.27499999999999997,11.948151940442694,7.349561618467564,0.7619510534649994,1.0,-9.474464133075292,False,0.7965434626961796,0.11902447326750032
73.68421052631578,0.3,11.948151940442694,7.349561618467564,0.7889373158686407,1.0,-9.47986138555602,False,0.7965434626961796,0.1055313420656796
73.68421052631578,0.32499999999999996,11.948151940442694,7.349561618467564,0.8146055050663306,1.0,-9.484995023395559,False,0.7965434626961796,0.09269724746683472
73.68421052631578,0.35,11.948151940442694,7.349561618467564,0.8391144772651776,1.0,-9.489896817835328,False,0.7965434626961796,0.08044276136741124
73.68421052631578,0.375,11.948151940442694,7.349561618467564,0.86259413988938,1.0,-9.494592750360168,False,0.7965434626961796,0.06870293005530992
73.68421052631578,0.39999999999999997,11.948151940442694,7.349561618467564,0.8851522809733351,1.0,-9.499104378576959,False,0.7965434626961796,0.05742385951333251
73.68421052631578,0.42499999999999993,11.948151940442694,7.349561618467564,0.9068794656360915,1.0,-9.50344981550951,False,0.7965434626961796,0.046560267181954273
73.68421052631578,0.44999999999999996,11.948151940442694,7.349561618467564,0.9278526272800306,1.0,-9.507644447838299,False,0.7965434626961796,0.03607368635998465
73.68421052631578,0.475,11.948151940442694,7.349561618467564,0.9481377540452754,1.0,-9.511701473191348,False,0.7965434626961796,0.02593112297736222
73.68421052631578,0.5,11.948151940442694,7.349561618467564,0.9677919336806287,1.0,-9.515632309118418,False,0.7965434626961796,0.01610403315968567
81.57894736842105,0.15,13.161161431512834,8.13701464901766,0.645332068133762,0.9161271761136941,-9.385845391588978,False,0.8774107621008557,0.2192703778762719
81.57894736842105,0.175,13.161161431512834,8.13701464901766,0.6863757996011429,0.9448113987702218,-9.399790982413759,False,0.8774107621008557,0.18440640081431758
81.57894736842105,0.19999999999999998,13.161161431512834,8.13701464901766,0.7240336343641116,0.9703837463723488,-9.412437018886779,False,0.8774107621008557,0.1527913096317698
81.57894736842105,0.22499999999999998,13.161161431512834,8.13701464901766,0.758961507894581,0.9935140613223639,-9.424048656582876,False,0.8774107621008557,0.12376221539152765
81.57894736842105,0.25,13.161161431512834,8.13701464901766,0.7916309160730343,1.0,-9.431879725954094,False,0.8774107621008557,0.10418454196348281
81.57894736842105,0.27499999999999997,13.161161431512834,8.13701464901766,0.8223937870852217,1.0,-9.43803230015653,False,0.8774107621008557,0.08880310645738909
81.57894736842105,0.3,13.161161431512834,8.13701464901766,0.8515207689779314,1.0,-9.443857696535073,False,0.8774107621008557,0.07423961551103431
81.57894736842105,0.32499999999999996,13.161161431512834,8.13701464901766,0.8792251198360509,1.0,-9.449398566706696,False,0.8774107621008557,0.06038744008197461
81.57894736842105,0.35,13.161161431512834,8.13701464901766,0.9056782973367788,1.0,-9.454689202206842,False,0.8774107621008557,0.04716085133161063
81.57894736842105,0.375,13.161161431512834,8.13701464901766,0.931020513975486,1.0,-9.459757645534584,False,0.8774107621008557,0.034489743012257046
81.57894736842105,0.39999999999999997,13.161161431512834,8.13701464901766,0.9553681082090947,1.0,-9.464627164381305,False,0.8774107621008557,0.022315945895452716
81.57894736842105,0.42499999999999993,13.161161431512834,8.13701464901766,0.9788188293495766,1.0,-9.469317308609401,False,0.8774107621008557,0.010590585325211732
81.57894736842105,0.44999999999999996,13.161161431512834,8.13701464901766,1.0,1.0,-9.473553542739486,False,0.8774107621008557,0.0
81.57894736842105,0.475,13.161161431512834,8.13701464901766,1.0,1.0,-9.473553542739486,False,0.8774107621008557,0.0
81.57894736842105,0.5,13.161161431512834,8.13701464901766,1.0,1.0,-9.473553542739486,False,0.8774107621008557,0.0
89.47368421052632,0.15,14.368306318131474,8.924467679567757,0.6916257659819951,0.8910880084865348,-9.341810502168448,False,0.9578870878754315,0.2086431127657351
89.47368421052632,0.175,14.368306318131474,8.924467679567757,0.7356138205303748,0.9189882471307136,-9.356188160806958,False,0.9578870878754315,0.1726989661694558
89.47368421052632,0.19999999999999998,14.368306318131474,8.924467679567757,0.7759730868666684,0.9438616630616441,-9.369234697260403,False,0.9578870878754315,0.1400826250358438
89.47368421052632,0.22499999999999998,14.368306318131474,8.924467679567757,0.8134065548089834,0.9663597908564223,-9.381221016407823,False,0.9578870878754315,0.1101168271672972
89.47368421052632,0.25,14.368306318131474,8.924467679567757,0.8484195435807081,0.9869390870718326,-9.392339473405249,False,0.9578870878754315,0.08232068467372966
89.47368421052632,0.27499999999999997,14.368306318131474,8.924467679567757,0.8813892273733309,1.0,-9.401545592749407,False,0.9578870878754315,0.059305386313334596
89.47368421052632,0.3,14.368306318131474,8.924467679567757,0.912605669507605,1.0,-9.407788881176263,False,0.9578870878754315,0.04369716524619749
89.47368421052632,0.32499999999999996,14.368306318131474,8.924467679567757,0.9422974264021489,1.0,-9.413727232555171,False,0.9578870878754315,0.02885128679892557
89.47368421052632,0.35,14.368306318131474,8.924467679567757,0.9706482554637016,1.0,-9.419397398367481,False,0.9578870878754315,0.01467587226814926
89.47368421052632,0.375,14.368306318131474,8.924467679567757,0.9978084275052289,1.0,-9.424829432775788,False,0.9578870878754315,0.0010957862473854885
89.47368421052632,0.39999999999999997,14.368306318131474,8.924467679567757,1.0,1.0,-9.425267747274741,False,0.9578870878754315,0.0
89.47368421052632,0.42499999999999993,14.368306318131474,8.924467679567757,1.0,1.0,-9.425267747274741,False,0.9578870878754315,0.0
89.47368421052632,0.44999999999999996,14.368306318131474,8.924467679567757,1.0,1.0,-9.425267747274741,False,0.9578870878754315,0.0
89.47368421052632,0.475,14.368306318131474,8.924467679567757,1.0,1.0,-9.425267747274741,False,0.9578870878754315,0.0
89.47368421052632,0.5,14.368306318131474,8.924467679567757,1.0,1.0,-9.425267747274741,False,0.9578870878754315,0.0
97.36842105263158,0.15,15.570130221522547,9.711920710117852,0.736907996864741,0.8687678827619182,-9.29832996706443,False,1.0380086814348364,0.19716206018667037
97.36842105263158,0.175,15.570130221522547,9.711920710117852,0.7837760442359942,0.8959692714290418,-9.313143854272106,False,1.0380086814348364,0.16012734216748203
97.36842105263158,0.19999999999999998,15.570130221522547,9.711920710117852,0.8267777188028479,0.9202196537589232,-9.326594265651453,False,1.0380086814348364,0.12650131371911444
97.36842105263158,0.22499999999999998,15.570130221522547,9.711920710117852,0.8666620366432998,0.9421542445784921,-9.338958047383457,False,1.0380086814348364,0.09559185938910408
97.36842105263158,0.25,15.570130221522547,9.711920710117852,0.9039674013203743,0.9622180670421769,-9.35043188481161,False,1.0380086814348364,0.06690726581872442
97.36842105263158,0.27499999999999997,15.570130221522547,9.711920710117852,0.9390956814335215,0.9807358349002516,-9.361161094405853,False,1.0380086814348364,0.04008424183311343
97.36842105263158,0.3,15.570130221522547,9.711920710117852,0.9723559313748329,0.9979522378028725,-9.37125642497464,False,1.0380086814348364,0.014845915411147326
97.36842105263158,0.32499999999999996,15.570130221522547,9.711920710117852,1.0,1.0,-9.377194791139098,False,1.0380086814348364,0.0
97.36842105263158,0.35,15.570130221522547,9.711920710117852,1.0,1.0,-9.377194791139098,False,1.0380086814348364,0.0
97.36842105263158,0.375,15.570130221522547,9.711920710117852,1.0,1.0,-9.377194791139098,False,1.0380086814348364,0.0
97.36842105263158,0.39999999999999997,15.570130221522547,9.711920710117852,1.0,1.0,-9.377194791139098,False,1.0380086814348364,0.0
97.36842105263158,0.42499999999999993,15.570130221522547,9.711920710117852,1.0,1.0,-9.377194791139098,False,1.0380086814348364,0.0
97.36842105263158,0.44999999999999996,15.570130221522547,9.711920710117852,1.0,1.0,-9.377194791139098,False,1.0380086814348364,0.0
97.36842105263158,0.475,15.570130221522547,9.711920710117852,1.0,1.0,-9.377194791139098,False,1.0380086814348364,0.0
97.36842105263158,0.5,15.570130221522547,9.711920710117852,1.0,1.0,-9.377194791139098,False,1.0380086814348364,0.0
105.26315789473685,0.15,16.767086264238152,10.49937374066795,0.7812804730950339,0.8486845128301029,-9.255309546615502,False,1.11780575094921,0.18501750703743158
105.26315789473685,0.175,16.767086264238152,10.49937374066795,0.8309706520305927,0.8752570850295596,-9.270562096842504,False,1.11780575094921,0.1468861314699239
105.26315789473685,0.19999999999999998,16.767086264238152,10.49937374066795,0.8765616468256143,0.8989468695185416,-9.284418252699306,False,1.11780575094921,0.11224574182792202
105.26315789473685,0.22499999999999998,16.767086264238152,10.49937374066795,0.9188475751152221,0.9203743968169178,-9.297160943816902,False,1.11780575094921,0.08038901403393006
105.26315789473685,0.25,16.767086264238152,10.49937374066795,0.9583992601123891,0.9399744024466936,-9.30899128194229,False,1.11780575094921,0.05081316872045871
105.26315789473685,0.27499999999999997,16.767086264238152,10.49937374066795,0.9956427686949837,0.9580640937269109,-9.320057921914852,False,1.11780575094921,0.023146568789052635
105.26315789473685,0.3,16.767086264238152,10.49937374066795,1.0,0.9748825037993993,-9.324293050190354,False,1.11780575094921,0.012558748100300332
105.26315789473685,0.32499999999999996,16.767086264238152,10.49937374066795,1.0,0.9906145383434103,-9.327439457099157,False,1.11780575094921,0.004692730828294911
105.26315789473685,0.35,16.767086264238152,10.49937374066795,1.0,1.0,-9.329316549430473,False,1.11780575094921,0.0
105.26315789473685,0.375,16.767086264238152,10.49937374066795,1.0,1.0,-9.329316549430473,False,1.11780575094921,0.0
105.26315789473685,0.39999999999999997,16.767086264238152,10.49937374066795,1.0,1.0,-9.329316549430473,False,1.11780575094921,0.0
105.26315789473685,0.42499999999999993,16.767086264238152,10.49937374066795,1.0,1.0,-9.329316549430473,False,1.11780575094921,0.0
105.26315789473685,0.44999999999999996,16.767086264238152,10.49937374066795,1.0,1.0,-9.329316549430473,False,1.11780575094921,0.0
105.26315789473685,0.475,16.767086264238152,10.49937374066795,1.0,1.0,-9.329316549430473,False,1.11780575094921,0.0
105.26315789473685,0.5,16.767086264238152,10.49937374066795,1.0,1.0,-9.329316549430473,False,1.11780575094921,0.0
113.15789473684211,0.15,17.959557820385594,11.286826771218045,0.824827853416586,0.83046959692581,-9.212677177253056,False,1.1973038546923729,0.17235127482880197
113.15789473684211,0.175,17.959557820385594,11.286826771218045,0.87728768703426,0.8564718545258404,-9.228369595496597,False,1.1973038546923729,0.13312022921994981
113.15789473684211,0.19999999999999998,17.959557820385594,11.286826771218045,0.9254198542480823,0.8796531963300154,-9.242632297300196,False,1.1973038546923729,0.09746347471095118
113.15789473684211,0.22499999999999998,17.959557820385594,11.286826771218045,0.9700627355973033,0.900620834703972,-9.25575440124483,False,1.1973038546923729,0.0646582148493624
113.15789473684211,0.25,17.959557820385594,11.286826771218045,1.0,0.9198001746460007,-9.265577722113777,False,1.1973038546923729,0.04009991267699964
113.15789473684211,0.27499999999999997,17.959557820385594,11.286826771218045,1.0,0.9375016154038831,-9.269118010265354,False,1.1973038546923729,0.031249192298058448
113.15789473684211,0.3,17.959557820385594,11.286826771218045,1.0,0.9539590598637286,-9.272409499157321,False,1.1973038546923729,0.02302047006813568
113.15789473684211,0.32499999999999996,17.959557820385594,11.286826771218045,1.0,0.9693534451612993,-9.275488376216837,False,1.1973038546923729,0.015323277419350356
113.15789473684211,0.35,17.959557820385594,11.286826771218045,1.0,0.9838278103950927,-9.278383249263594,False,1.1973038546923729,0.008086094802453703
113.15789473684211,0.375,17.959557820385594,11.286826771218045,1.0,0.9974973245463008,-9.281117152093836,False,1.1973038546923729,0.0012513377268495995
113.15789473684211,0.39999999999999997,17.959557820385594,11.286826771218045,1.0,1.0,-9.281617687184577,False,1.1973038546923729,0.0
113.15789473684211,0.42499999999999993,17.959557820385594,11.286826771218045,1.0,1.0,-9.281617687184577,False,1.1973038546923729,0.0
113.15789473684211,0.44999999999999996,17.959557820385594,11.286826771218045,1.0,1.0,-9.281617687184577,False,1.1973038546923729,0.0
113.15789473684211,0.475,17.959557820385594,11.286826771218045,1.0,1.0,-9.281617687184577,False,1.1973038546923729,0.0
113.15789473684211,0.5,17.959557820385594,11.286826771218045,1.0,1.0,-9.281617687184577,False,1.1973038546923729,0.0
121.05263157894737,0.15,19.1478733852389,12.074279801768142,0.8676215893495579,0.8138360524805588,-9.170376592956467,False,1.27652489234926,0.1592711790849417
121.05263157894737,0.175,19.1478733852389,12.074279801768142,0.9228031451515923,0.8393175087062006,-9.186509195362003,False,1.27652489234926,0.11893967307110354
121.05263157894737,0.19999999999999998,19.1478733852389,12.074279801768142,0.973432506470946,0.8620345494924603,-9.201178475783125,False,1.27652489234926,0.08226647201829684
121.05263157894737,0.22499999999999998,19.1478733852389,12.074279801768142,1.0,0.8825822252981348,-9.21060150965007,False,1.27652489234926,0.058708887350932604
121.05263157894737,0.25,19.1478733852389,12.074279801768142,1.0,0.901377420649516,-9.214360548720347,False,1.27652489234926,0.04931128967524201
121.05263157894737,0.27499999999999997,19.1478733852389,12.074279801768142,1.0,0.9187243177821036,-9.217829928146864,False,1.27652489234926,0.04063784110894819
121.05263157894737,0.3,19.1478733852389,12.074279801768142,1.0,0.9348521347216986,-9.221055491534784,False,1.27652489234926,0.03257393263915076
121.05263157894737,0.32499999999999996,19.1478733852389,12.074279801768142,1.0,0.949938184599162,-9.224072701510277,False,1.27652489234926,0.025030907700418936
121.05263157894737,0.35,19.1478733852389,12.074279801768142,1.0,0.9641226415710222,-9.226909592904649,False,1.27652489234926,0.017938679214488884
121.05263157894737,0.375,19.1478733852389,12.074279801768142,1.0,0.9775183678893935,-9.229588738168323,False,1.27652489234926,0.011240816055303249
121.05263157894737,0.39999999999999997,19.1478733852389,12.074279801768142,1.0,0.9902176689525992,-9.232128598380964,False,1.27652489234926,0.0048911655237003915
121.05263157894737,0.42499999999999993,19.1478733852389,12.074279801768142,1.0,1.0,-9.234085064590444,False,1.27652489234926,0.0
121.05263157894737,0.44999999999999996,19.1478733852389,12.074279801768142,1.0,1.0,-9.234085064590444,False,1.27652489234926,0.0
121.05263157894737,0.475,19.1478733852389,12.074279801768142,1.0,1.0,-9.234085064590444,False,1.27652489234926,0.0
121.05263157894737,0.5,19.1478733852389,12.074279801768142,1.0,1.0,-9.234085064590444,False,1.27652489234926,0.0
128.94736842105263,0.15,20.332317507737983,12.861732832318237,0.9097227100534233,0.7985561348033311,-9.128363068661832,False,1.355487833849199,0.14586057757162285
128.94736842105263,0.175,20.332317507737983,12.861732832318237,0.9675819370544769,0.8235591721235471,-9.144935521526085,False,1.355487833849199,0.10442944541098798
128.94736842105263,0.19999999999999998,20.332317507737983,12.861732832318237,1.0,0.8458496963994775,-9.155877238970376,False,1.355487833849199,0.07707515180026125
128.94736842105263,0.22499999999999998,20.332317507737983,12.861732832318237,1.0,0.8660115859109566,-9.159909616872673,False,1.355487833849199,0.06699420704452175
128.94736842105263,0.25,20.332317507737983,12.861732832318237,1.0,0.8844538981026139,-9.163598079311004,False,1.355487833849199,0.057773050948693117
128.94736842105263,0.27499999999999997,20.332317507737983,12.861732832318237,1.0,0.901475104133986,-9.167002320517279,False,1.355487833849199,0.04926244793300705
128.94736842105263,0.3,20.332317507737983,12.861732832318237,1.0,0.9173001184213769,-9.170167323374756,False,1.355487833849199,0.041349940789311534
128.94736842105263,0.32499999999999996,20.332317507737983,12.861732832318237,1.0,0.9321029250098516,-9.173127884692452,False,1.355487833849199,0.033948537495074205
128.94736842105263,0.35,20.332317507737983,12.861732832318237,1.0,0.9460210662610387,-9.175911512942688,False,1.355487833849199,0.02698946686948067
128.94736842105263,0.375,20.332317507737983,12.861732832318237,1.0,0.9591652854180505,-9.178540356774091,False,1.355487833849199,0.020417357290974714
128.94736842105263,0.39999999999999997,20.332317507737983,12.861732832318237,1.0,0.9716261548288212,-9.181032530656244,False,1.355487833849199,0.014186922585589401
128.94736842105263,0.42499999999999993,20.332317507737983,12.861732832318237,1.0,0.9834787592237408,-9.18340305153523,False,1.355487833849199,0.00826062038812958
128.94736842105263,0.44999999999999996,20.332317507737983,12.861732832318237,1.0,0.9947860841442893,-9.185664516519338,False,1.355487833849199,0.002606957927855369
128.94736842105263,0.475,20.332317507737983,12.861732832318237,1.0,1.0,-9.18670729969048,False,1.355487833849199,0.0
128.94736842105263,0.5,20.332317507737983,12.861732832318237,1.0,1.0,-9.18670729969048,False,1.355487833849199,0.0
136.8421052631579,0.15,21.513139006700822,13.649185862868334,0.9511838856914122,0.7844463947397582,-9.086600495818201,False,1.4342092671133881,0.13218485978441485
136.8421052631579,0.175,21.513139006700822,13.649185862868334,1.0,0.8090076517742654,-9.10127597008682,False,1.4342092671133881,0.09549617411286726
136.8421052631579,0.19999999999999998,21.513139006700822,13.649185862868334,1.0,0.8309043233331395,-9.105655304398596,False,1.4342092671133881,0.08454783833343027
136.8421052631579,0.22499999999999998,21.513139006700822,13.649185862868334,1.0,0.8507099711130747,-9.109616433954582,False,1.4342092671133881,0.07464501444346272
136.8421052631579,0.25,21.513139006700822,13.649185862868334,1.0,0.8688264248962186,-9.11323972471121,False,1.4342092671133881,0.06558678755189074
136.8421052631579,0.27499999999999997,21.513139006700822,13.649185862868334,1.0,0.8855468821358602,-9.116583816159139,False,1.4342092671133881,0.05722655893206996
136.8421052631579,0.3,21.513139006700822,13.649185862868334,1.0,0.9010922832209151,-9.11969289637615,False,1.4342092671133881,0.04945385838954253
136.8421052631579,0.32499999999999996,21.513139006700822,13.649185862868334,1.0,0.9156335380610882,-9.122601147344184,False,1.4342092671133881,0.042183230969455865
136.8421052631579,0.35,21.513139006700822,13.649185862868334,1.0,0.9293057587731127,-9.12533559148659,False,1.4342092671133881,0.035347120613443694
136.8421052631579,0.375,21.513139006700822,13.649185862868334,1.0,0.9422177318705665,-9.12791798610608,False,1.4342092671133881,0.028891134064716772
136.8421052631579,0.39999999999999997,21.513139006700822,13.649185862868334,1.0,0.9544584293727018,-9.130366125606507,False,1.4342092671133881,0.022770785313649178
136.8421052631579,0.42499999999999993,21.513139006700822,13.649185862868334,1.0,0.9661016093329449,-9.132694761598556,False,1.4342092671133881,0.016949195333527567
136.8421052631579,0.44999999999999996,21.513139006700822,13.649185862868334,1.0,0.977209144397164,-9.1349162686114,False,1.4342092671133881,0.011395427801418001
136.8421052631579,0.475,21.513139006700822,13.649185862868334,1.0,0.9878334803111181,-9.13704113579419,False,1.4342092671133881,0.006083259844440914
136.8421052631579,0.5,21.513139006700822,13.649185862868334,1.0,0.9980194850562414,-9.139078336743216,False,1.4342092671133881,0.0009902574718793078
144.73684210526315,0.15,22.690557264062505,14.43663889341843,0.9920509870406177,0.7713570755541678,-9.045059321956456,False,1.512703817604167,0.11829596870260728
144.73684210526315,0.175,22.690557264062505,14.43663889341843,1.0,0.7955085019933917,-9.051479409836178,False,1.512703817604167,0.10224574900330419
144.73684210526315,0.19999999999999998,22.690557264062505,14.43663889341843,1.0,0.8170398043886645,-9.055785670315233,False,1.512703817604167,0.09148009780566779
144.73684210526315,0.22499999999999998,22.690557264062505,14.43663889341843,1.0,0.8365149739521054,-9.05968070422792,False,1.512703817604167,0.0817425130239473
144.73684210526315,0.25,22.690557264062505,14.43663889341843,1.0,0.8543291355102246,-9.063243536539545,False,1.512703817604167,0.07283543224488764
144.73684210526315,0.27499999999999997,22.690557264062505,14.43663889341843,1.0,0.8707705942061718,-9.066531828278734,False,1.512703817604167,0.06461470289691418
144.73684210526315,0.3,22.690557264062505,14.43663889341843,1.0,0.8860566038043962,-9.06958903019838,False,1.512703817604167,0.05697169809780189
144.73684210526315,0.32499999999999996,22.690557264062505,14.43663889341843,1.0,0.9003552224016873,-9.072448753917838,False,1.512703817604167,0.04982238879915635
144.73684210526315,0.35,22.690557264062505,14.43663889341843,1.0,0.9137993076259646,-9.075137570962692,False,1.512703817604167,0.043100346187017635
144.73684210526315,0.375,22.690557264062505,14.43663889341843,1.0,0.9264958307725718,-9.077676875592013,False,1.512703817604167,0.03675208461371415
144.73684210526315,0.39999999999999997,22.690557264062505,14.43663889341843,1.0,0.9385322792683581,-9.080084165291172,False,1.512703817604167,0.03073386036582093
144.73684210526315,0.42499999999999993,22.690557264062505,14.43663889341843,1.0,0.9499811804354844,-9.082373945524596,False,1.512703817604167,0.02500940978225774
144.73684210526315,0.44999999999999996,22.690557264062505,14.43663889341843,1.0,0.960903374509171,-9.084558384339335,False,1.512703817604167,0.019548312745414576
144.73684210526315,0.475,22.690557264062505,14.43663889341843,1.0,0.9713504321223448,-9.08664779586197,False,1.512703817604167,0.014324783938827634
144.73684210526315,0.5,22.690557264062505,14.43663889341843,1.0,0.981366472586634,-9.088651003954826,False,1.512703817604167,0.009316763706682996
152.6315789473684,0.15,23.864767125930037,15.224091923968524,1.0,0.7591644736686012,-8.99724220969652,False,1.5909844750620024,0.12041776316569941
152.6315789473684,0.175,23.864767125930037,15.224091923968524,1.0,0.7829341460060293,-9.001996144164005,False,1.5909844750620024,0.10853292699698536
152.6315789473684,0.19999999999999998,23.864767125930037,15.224091923968524,1.0,0.8041251097870556,-9.00623433692021,False,1.5909844750620024,0.09793744510647218
152.6315789473684,0.22499999999999998,23.864767125930037,15.224091923968524,1.0,0.8232924413897565,-9.01006780324075,False,1.5909844750620024,0.08835377930512167
152.6315789473684,0.25,23.864767125930037,15.224091923968524,1.0,0.8408250200251454,-9.013574318967828,False,1.5909844750620024,0.07958748998742737
152.6315789473684,0.27499999999999997,23.864767125930037,15.224091923968524,1.0,0.8570065936864557,-9.01681063370009,False,1.5909844750620024,0.07149670315677215
152.6315789473684,0.3,23.864767125930037,15.224091923968524,1.0,0.8720509820753121,-9.019819511377861,False,1.5909844750620024,0.06397450896234402
152.6315789473684,0.32499999999999996,23.864767125930037,15.224091923968524,1.0,0.8861235868463281,-9.022634032332064,False,1.5909844750620024,0.056938206576836015
152.6315789473684,0.35,23.864767125930037,15.224091923968524,1.0,0.8993551655881342,-9.025280348080425,False,1.5909844750620024,0.05032241720593289
152.6315789473684,0.375,23.864767125930037,15.224091923968524,1.0,0.9118509987340097,-9.0277795147096,False,1.5909844750620024,0.04407450063299523
152.6315789473684,0.39999999999999997,23.864767125930037,15.224091923968524,1.0,0.9236971908242009,-9.030148753127639,False,1.5909844750620024,0.03815140458789956
152.6315789473684,0.42499999999999993,23.864767125930037,15.224091923968524,1.0,0.9349651227639979,-9.032402339515599,False,1.5909844750620024,0.03251743861800105
152.6315789473684,0.44999999999999996,23.864767125930037,15.224091923968524,1.0,0.9457146731059062,-9.03455224958398,False,1.5909844750620024,0.027142663447046855
152.6315789473684,0.475,23.864767125930037,15.224091923968524,1.0,0.9559965973218638,-9.036608634427171,False,1.5909844750620024,0.02200170133906809
152.6315789473684,0.5,23.864767125930037,15.224091923968524,1.0,0.9658543173432336,-9.038580178431445,False,1.5909844750620024,0.01707284132838316
160.5263157894737,0.15,25.03594277574301,16.011544954518623,1.0,0.7477653276655895,-8.948115354503397,False,1.6690628517162007,0.12611733616720522
160.5263157894737,0.175,25.03594277574301,16.011544954518623,1.0,0.771178089248081,-8.952797906819896,False,1.6690628517162007,0.11441095537595958
160.5263157894737,0.19999999999999998,25.03594277574301,16.011544954518623,1.0,0.7920508625730693,-8.956972461484893,False,1.6690628517162007,0.10397456871346533
160.5263157894737,0.22499999999999998,25.03594277574301,16.011544954518623,1.0,0.8109303893337293,-8.960748366837025,False,1.6690628517162007,0.09453480533313541
160.5263157894737,0.25,25.03594277574301,16.011544954518623,1.0,0.8281997095704363,-8.964202230884368,False,1.6690628517162007,0.08590014521478184
160.5263157894737,0.27499999999999997,25.03594277574301,16.011544954518623,1.0,0.8441383106913796,-8.967389951108556,False,1.6690628517162007,0.07793084465431022
160.5263157894737,0.3,25.03594277574301,16.011544954518623,1.0,0.8589568018132815,-8.970353649332935,False,1.6690628517162007,0.0705215990933592
160.5263157894737,0.32499999999999996,25.03594277574301,16.011544954518623,1.0,0.8728181010214169,-8.973125909174563,False,1.6690628517162007,0.06359094948929156
160.5263157894737,0.35,25.03594277574301,16.011544954518623,1.0,0.8858510025290273,-8.975732489476085,False,1.6690628517162007,0.05707449873548631
160.5263157894737,0.375,25.03594277574301,16.011544954518623,1.0,0.8981592059432706,-8.978194130158935,False,1.6690628517162007,0.050920397028364706
160.5263157894737,0.39999999999999997,25.03594277574301,16.011544954518623,1.0,0.9098275229116674,-8.980527793552612,False,1.6690628517162007,0.04508623854416638
160.5263157894737,0.42499999999999993,25.03594277574301,16.011544954518623,1.0,0.9209262625278127,-8.982747541475842,False,1.6690628517162007,0.03953686873609363
160.5263157894737,0.44999999999999996,25.03594277574301,16.011544954518623,1.0,0.93151440424476,-8.984865169819232,False,1.6690628517162007,0.03424279787762008
160.5263157894737,0.475,25.03594277574301,16.011544954518623,1.0,0.9416419414215517,-8.98689067725459,False,1.6690628517162007,0.029179029289224223
160.5263157894737,0.5,25.03594277574301,16.011544954518623,1.0,0.9513516439925824,-8.988832617768796,False,1.6690628517162007,0.024324178003708785
168.42105263157896,0.15,26.20424083521454,16.79899798506872,1.0,0.7370726258905446,-8.899244891769527,False,1.7469493890143029,0.13146368705472766
168.42105263157896,0.175,26.20424083521454,16.79899798506872,1.0,0.7601505957033864,-8.903860485732096,False,1.7469493890143029,0.11992470214830675
168.42105263157896,0.19999999999999998,26.20424083521454,16.79899798506872,1.0,0.7807248979277168,-8.907975346176961,False,1.7469493890143029,0.10963755103614159
168.42105263157896,0.22499999999999998,26.20424083521454,16.79899798506872,1.0,0.7993344561008575,-8.91169725781159,False,1.7469493890143029,0.10033277194957124
168.42105263157896,0.25,26.20424083521454,16.79899798506872,1.0,0.8163568329660054,-8.915101733184619,False,1.7469493890143029,0.09182158351699732
168.42105263157896,0.27499999999999997,26.20424083521454,16.79899798506872,1.0,0.8320675193893927,-8.918243870469297,False,1.7469493890143029,0.08396624030530364
168.42105263157896,0.3,26.20424083521454,16.79899798506872,1.0,0.8466741128738136,-8.921165189166182,False,1.7469493890143029,0.07666294356309322
168.42105263157896,0.32499999999999996,26.20424083521454,16.79899798506872,1.0,0.8603372018505252,-8.923897806961524,False,1.7469493890143029,0.06983139907473745
168.42105263157896,0.35,26.20424083521454,16.79899798506872,1.0,0.8731837388344963,-8.926467114358317,False,1.7469493890143029,0.06340813058275185
168.42105263157896,0.375,26.20424083521454,16.79899798506872,1.0,0.8853159405759875,-8.928893554706615,False,1.7469493890143029,0.05734202971200619
168.42105263157896,0.39999999999999997,26.20424083521454,16.79899798506872,1.0,0.8968174059547963,-8.931193847782378,False,1.7469493890143029,0.05159129702260179
168.42105263157896,0.42499999999999993,26.20424083521454,16.79899798506872,1.0,0.9077574386766748,-8.933381854326754,False,1.7469493890143029,0.046121280661662656
168.42105263157896,0.44999999999999996,26.20424083521454,16.79899798506872,1.0,0.9181941748155047,-8.935469201554518,False,1.7469493890143029,0.04090291259224765
168.42105263157896,0.475,26.20424083521454,16.79899798506872,1.0,0.9281768928481873,-8.937465745161056,False,1.7469493890143029,0.03591155357590636
168.42105263157896,0.5,26.20424083521454,16.79899798506872,1.0,0.9377477511186396,-8.939379916815145,False,1.7469493890143029,0.031126124440680192
176.31578947368422,0.15,27.369802876088745,17.586451015618817,1.0,0.7270124256875755,-8.850610370093966,False,1.824653525072583,0.1364937871562122
176.31578947368422,0.175,27.369802876088745,17.586451015618817,1.0,0.749775407548837,-8.855162966466217,False,1.824653525072583,0.1251122962255815
176.31578947368422,0.19999999999999998,27.369802876088745,17.586451015618817,1.0,0.770068894027008,-8.859221663761852,False,1.824653525072583,0.11496555298649602
176.31578947368422,0.22499999999999998,27.369802876088745,17.586451015618817,1.0,0.7884244529681402,-8.862892775550078,False,1.824653525072583,0.10578777351592983
176.31578947368422,0.25,27.369802876088745,17.586451015618817,1.0,0.8052144938148572,-8.866250783719423,False,1.824653525072583,0.09739275309257134
176.31578947368422,0.27499999999999997,27.369802876088745,17.586451015618817,1.0,0.8207107472974549,-8.869350034415941,False,1.824653525072583,0.08964462635127257
176.31578947368422,0.3,27.369802876088745,17.586451015618817,1.0,0.8351179774497222,-8.872231480446395,False,1.824653525072583,0.08244101127513892
176.31578947368422,0.32499999999999996,27.369802876088745,17.586451015618817,1.0,0.848594580854092,-8.874926801127268,False,1.824653525072583,0.075702709572954
176.31578947368422,0.35,27.369802876088745,17.586451015618817,1.0,0.8612657772685806,-8.877461040410166,False,1.824653525072583,0.06936711136570972
176.31578947368422,0.375,27.369802876088745,17.586451015618817,1.0,0.8732323883014564,-8.879854362616742,False,1.824653525072583,0.06338380584927172
176.31578947368422,0.39999999999999997,27.369802876088745,17.586451015618817,1.0,0.88457687180321,-8.882123259317092,False,1.824653525072583,0.05771156409839495
176.31578947368422,0.42499999999999993,27.369802876088745,17.586451015618817,1.0,0.8953675855630986,-8.88428140206907,False,1.824653525072583,0.05231620721845065
176.31578947368422,0.44999999999999996,27.369802876088745,17.586451015618817,1.0,0.9056618721639399,-8.886340259389238,False,1.824653525072583,0.047169063918029996
176.31578947368422,0.475,27.369802876088745,17.586451015618817,1.0,0.9155083374876614,-8.888309552453983,False,1.824653525072583,0.04224583125616932
176.31578947368422,0.5,27.369802876088745,17.586451015618817,1.0,0.9249485644648967,-8.89019759784943,False,1.824653525072583,0.03752571776755165
184.21052631578948,0.15,28.532757476089735,18.37390404616891,1.0,0.7175214067065191,-8.802193982297714,False,1.9021838317393156,0.1412392966467404
184.21052631578948,0.175,28.532757476089735,18.37390404616891,1.0,0.7399872218546995,-8.80668714532735,False,1.9021838317393156,0.13000638907265027
184.21052631578948,0.19999999999999998,28.532757476089735,18.37390404616891,1.0,0.7600157804464261,-8.810692857045696,False,1.9021838317393156,0.11999210977678687
184.21052631578948,0.22499999999999998,28.532757476089735,18.37390404616891,1.0,0.778131710803283,-8.814316043117067,False,1.9021838317393156,0.11093414459835849
184.21052631578948,0.25,28.532757476089735,18.37390404616891,1.0,0.7947025606283085,-8.817630213082072,False,1.9021838317393156,0.10264871968584577
184.21052631578948,0.27499999999999997,28.532757476089735,18.37390404616891,1.0,0.8099965132550445,-8.82068900360742,False,1.9021838317393156,0.09500174337247769
184.21052631578948,0.3,28.532757476089735,18.37390404616891,1.0,0.824215659558937,-8.823532832868198,False,1.9021838317393156,0.08789217022053153
184.21052631578948,0.32499999999999996,28.532757476089735,18.37390404616891,1.0,0.8375163282829745,-8.826192966613005,False,1.9021838317393156,0.08124183585851275
184.21052631578948,0.35,28.532757476089735,18.37390404616891,1.0,0.8500221044633193,-8.828694121849075,False,1.9021838317393156,0.07498894776834031
184.21052631578948,0.375,28.532757476089735,18.37390404616891,1.0,0.8618324934999281,-8.831056199656397,False,1.9021838317393156,0.0690837532500359
184.21052631578948,0.39999999999999997,28.532757476089735,18.37390404616891,1.0,0.8730288767705975,-8.83329547631053,False,1.9021838317393156,0.0634855616147012
184.21052631578948,0.42499999999999993,28.532757476089735,18.37390404616891,1.0,0.8836787196657034,-8.835425444889552,False,1.9021838317393156,0.05816064016714828
184.21052631578948,0.44999999999999996,28.532757476089735,18.37390404616891,1.0,0.8938386161707598,-8.837457424190562,False,1.9021838317393156,0.05308069191462006
184.21052631578948,0.475,28.532757476089735,18.37390404616891,1.0,0.9035565376264788,-8.839401008481707,False,1.9021838317393156,0.04822173118676054
184.21052631578948,0.5,28.532757476089735,18.37390404616891,1.0,0.9128735241056695,-8.841264405777544,False,1.9021838317393156,0.04356323794716532
192.10526315789474,0.15,29.69322191780754,19.161357076719007,1.0,0.7085449652877323,-8.753980116345245,False,1.979548127853836,0.14572751735613387
192.10526315789474,0.175,29.69322191780754,19.161357076719007,1.0,0.7307297253040127,-8.758417068348502,False,1.979548127853836,0.1346351373479937
192.10526315789474,0.19999999999999998,29.69322191780754,19.161357076719007,1.0,0.7505077196878691,-8.762372667225272,False,1.979548127853836,0.12474614015606544
192.10526315789474,0.22499999999999998,29.69322191780754,19.161357076719007,1.0,0.7683970134787989,-8.765950525983458,False,1.979548127853836,0.11580149326060063
192.10526315789474,0.25,29.69322191780754,19.161357076719007,1.0,0.7847605562307202,-8.769223234533843,False,1.979548127853836,0.10761972188463997
192.10526315789474,0.27499999999999997,29.69322191780754,19.161357076719007,1.0,0.7998631762107472,-8.772243758529848,False,1.979548127853836,0.10006841189462645
192.10526315789474,0.3,29.69322191780754,19.161357076719007,1.0,0.8139044360674493,-8.775052010501188,False,1.979548127853836,0.09304778196627539
192.10526315789474,0.32499999999999996,29.69322191780754,19.161357076719007,1.0,0.8270387088170725,-8.777678865051113,False,1.979548127853836,0.08648064559146373
192.10526315789474,0.35,29.69322191780754,19.161357076719007,1.0,0.8393880334041547,-8.780148729968529,False,1.979548127853836,0.08030598329792271
192.10526315789474,0.375,29.69322191780754,19.161357076719007,1.0,0.8510506703816202,-8.782481257364022,False,1.979548127853836,0.07447466480918985
192.10526315789474,0.39999999999999997,29.69322191780754,19.161357076719007,1.0,0.862106983018031,-8.784692519891305,False,1.979548127853836,0.06894650849098449
192.10526315789474,0.42499999999999993,29.69322191780754,19.161357076719007,1.0,0.8726235926883529,-8.78679584182537,False,1.979548127853836,0.0636882036558235
192.10526315789474,0.44999999999999996,29.69322191780754,19.161357076719007,1.0,0.8826563853677308,-8.788802400361245,False,1.979548127853836,0.05867180731613453
192.10526315789474,0.475,29.69322191780754,19.161357076719007,1.0,0.8922527322587828,-8.790721669739455,False,1.979548127853836,0.05387363387060862
192.10526315789474,0.5,29.69322191780754,19.161357076719007,1.0,0.9014531600087865,-8.792561755289455,False,1.979548127853836,0.04927341999560675
200.0,0.15,30.851303604685693,19.948810107269104,1.0,0.7000357133746821,-8.705954998487508,False,2.0567535736457128,0.1499821433126589
200.0,0.175,30.851303604685693,19.948810107269104,1.0,0.7219540461056703,-8.710338665033706,False,2.0567535736457128,0.13902297694716492
200.0,0.19999999999999998,30.851303604685693,19.948810107269104,1.0,0.7414945171920762,-8.714246759250987,False,2.0567535736457128,0.12925274140396192
200.0,0.22499999999999998,30.851303604685693,19.948810107269104,1.0,0.759168969985086,-8.71778164980959,False,2.0567535736457128,0.12041551500745706
200.0,0.25,30.851303604685693,19.948810107269104,1.0,0.7753359952056047,-8.721015054853693,False,2.0567535736457128,0.11233200239719765
200.0,0.27499999999999997,30.851303604685693,19.948810107269104,1.0,0.7902572406727171,-8.723999303947116,False,2.0567535736457128,0.10487137966364146
200.0,0.3,30.851303604685693,19.948810107269104,1.0,0.8041298723926732,-8.726773830291107,False,2.0567535736457128,0.09793506380366335
200.0,0.32499999999999996,30.851303604685693,19.948810107269104,1.0,0.8171064094430865,-8.72936913770119,False,2.0567535736457128,0.09144679527845678
200.0,0.35,30.851303604685693,19.948810107269104,1.0,0.829307425145037,-8.73180934084158,False,2.0567535736457128,0.08534628742748152
200.0,0.375,30.851303604685693,19.948810107269104,1.0,0.8408299999939524,-8.734113855811362,False,2.0567535736457128,0.07958500000302382
200.0,0.39999999999999997,30.851303604685693,19.948810107269104,1.0,0.8517535321378585,-8.736298562240144,False,2.0567535736457128,0.07412323393107068
200.0,0.42499999999999993,30.851303604685693,19.948810107269104,1.0,0.8621438428640905,-8.73837662438539,False,2.0567535736457128,0.06892807856795469
200.0,0.44999999999999996,30.851303604685693,19.948810107269104,1.0,0.8720561469866617,-8.740359085209905,False,2.0567535736457128,0.06397192650666916
200.0,0.475,30.851303604685693,19.948810107269104,1.0,0.8815372468049921,-8.74225530517357,False,2.0567535736457128,0.05923137659750388
200.0,0.5,30.851303604685693,19.948810107269104,1.0,0.8906271822626671,-8.744073292265107,False,2.0567535736457128,0.05468640886866649
