smiles,caco2_wang,MW,LogP,HBA,HBD
SMILES_0,0,194.33708264760963,2.7292801296140614,11,0
SMILES_1,1,410.60099513456396,7.7896613517672915,8,7
SMILES_2,1,221.9570647503717,3.448129362548529,2,6
SMILES_3,1,525.4794181984365,1.8723134248572235,13,2
SMILES_4,0,141.8070592116278,2.360463605691685,8,4
SMILES_5,0,519.6456368290038,4.722668563795132,4,7
SMILES_6,0,371.1017467202618,3.1699056158066465,10,4
SMILES_7,1,340.32868881296076,0.84258303252395,7,1
SMILES_8,1,295.50809131910506,4.378843401862805,10,4
SMILES_9,1,389.9136114352071,1.997783871691509,14,4
SMILES_10,0,346.23652975751514,5.8099466643263185,6,6
SMILES_11,1,460.33018820165216,4.620072098571972,8,4
SMILES_12,1,361.422764866204,2.3290171565118736,14,7
SMILES_13,0,365.0301761461878,4.921524542602669,5,2
SMILES_14,0,313.63877877861444,3.101783265791105,8,4
SMILES_15,0,344.30543762789324,4.27916051268333,14,5
SMILES_16,0,380.7801768892059,3.727099225941712,2,4
SMILES_17,1,178.98316073433747,1.7304650175136898,8,4
SMILES_18,1,215.1814577894287,2.034675251523807,9,0
SMILES_19,0,424.3264094022715,4.5449412263717415,6,2
SMILES_20,1,367.08654381279416,2.4978370018401885,3,7
SMILES_21,0,331.60166636473207,2.394527305137005,6,1
SMILES_22,0,351.8433933065393,1.5673161309759704,7,0
SMILES_23,0,384.7581705361671,3.6353985983901915,13,7
SMILES_24,1,296.02403196906386,6.093787378864717,3,3
SMILES_25,1,272.16952745976874,1.3987006286185908,7,2
SMILES_26,0,369.5845255097681,3.036329185009137,7,5
SMILES_27,1,252.1627222384968,5.118330833123144,2,2
SMILES_28,1,390.8252755714472,2.8805379131314273,2,3
SMILES_29,0,179.74163957621596,3.6785576943746014,12,3
SMILES_30,1,452.91556373256435,1.4064097077796804,11,3
SMILES_31,0,397.2597482413043,3.642460645811473,4,6
SMILES_32,0,375.60297343138757,2.719283602493177,11,1
SMILES_33,1,448.2690983945514,4.478594993519795,11,4
SMILES_34,1,516.5474444462577,4.781079077347126,13,2
SMILES_35,1,451.437006501813,6.88434546302792,4,7
SMILES_36,0,165.91257686683548,3.8694497598203634,5,6
SMILES_37,0,222.04230332642985,3.48869447487325,3,7
SMILES_38,1,287.5181422304321,3.291576452366004,10,4
SMILES_39,1,352.6091050210834,2.4702505607839673,11,4
SMILES_40,0,401.7659020469123,3.5077257651925366,13,5
SMILES_41,1,277.42561868465344,2.556897884791456,12,3
SMILES_42,0,368.67667644770785,3.2526914644044216,8,1
SMILES_43,1,274.4617067646677,4.976396303411939,8,5
SMILES_44,0,288.8482197008052,1.4901861520805384,7,0
SMILES_45,1,209.33389031517777,4.709817841693568,4,6
SMILES_46,0,257.6766753889096,4.975672601009798,7,6
SMILES_47,1,214.83153943836663,2.822897209513382,13,1
SMILES_48,1,252.4126747022667,-0.18278234851289188,9,4
SMILES_49,0,455.364179660784,2.0882670193583515,9,7
SMILES_50,1,255.0601111168057,4.9454918198416635,12,6
SMILES_51,1,613.2382064837391,2.965697906551677,14,1
SMILES_52,1,399.33179008808895,1.5010466515576337,10,6
SMILES_53,1,368.4836123694874,2.2428376181576737,2,6
SMILES_54,1,264.16422198187865,4.26093003975683,2,3
SMILES_55,1,420.03098794089914,3.820100352302069,4,0
SMILES_56,0,292.4362173762226,2.641601851245458,4,3
SMILES_57,0,362.20098146453614,2.4497633822779683,11,0
SMILES_58,0,606.0084538268794,2.412362776434267,9,6
SMILES_59,0,340.394010027535,1.6163847232522461,11,5
SMILES_60,0,464.92733262856757,5.423063534204163,2,7
SMILES_61,0,279.68235748741125,2.5165192961829903,14,4
SMILES_62,1,346.50115095030384,4.825737781238245,3,6
SMILES_63,0,527.080063563551,5.281974077883677,3,0
SMILES_64,0,287.30329422122327,4.49746634722194,4,0
SMILES_65,1,531.2448557996929,2.3525695309229273,14,0
SMILES_66,0,420.77519354554755,3.605595135504914,7,6
SMILES_67,1,293.7533224105732,2.9637065904136257,2,1
SMILES_68,0,413.2407739055521,1.6444472089048077,3,5
SMILES_69,1,447.255444962673,3.4865389225824046,14,1
SMILES_70,1,412.1809962217196,1.2314403132602962,14,4
SMILES_71,0,192.97752801095436,4.781519082692346,2,6
SMILES_72,0,277.2862824175131,2.30307405405241,6,0
SMILES_73,1,325.24813644484954,3.301739483809259,14,5
SMILES_74,1,342.5566570899954,3.424931807319213,14,5
SMILES_75,1,412.0672097550678,2.611642539443884,8,2
SMILES_76,1,367.77010009332537,3.880040702212912,9,4
SMILES_77,0,216.46556412898988,2.2876445150662135,11,7
SMILES_78,0,388.0197851005963,4.306945946185866,2,7
SMILES_79,0,411.05857452838234,0.9810304796298772,8,5
SMILES_80,1,405.979044793104,3.1895693693196177,14,6
SMILES_81,1,458.0780725554622,5.908393498587428,6,0
SMILES_82,0,433.3922154548904,1.4995030130916378,11,0
SMILES_83,0,395.9180079228437,1.9833825442127226,2,5
SMILES_84,0,342.9834288541353,3.7708617744883726,4,1
SMILES_85,0,183.9039066484009,3.269372672909397,8,4
SMILES_86,1,392.9618219132586,3.525945148910339,11,0
SMILES_87,1,370.7687687163111,3.7337806952214954,2,5
SMILES_88,1,377.1578837195373,3.952082202842655,8,0
SMILES_89,1,222.32514241796903,4.664549762934334,6,7
SMILES_90,0,241.89434595917376,3.614727985392769,2,5
SMILES_91,1,455.3152853332904,2.638113518072186,2,4
SMILES_92,1,346.0444846143345,4.008860551804097,2,5
SMILES_93,1,418.15006973726247,5.849822902342822,12,2
SMILES_94,1,352.83183761304593,2.80104938042614,10,5
SMILES_95,1,352.9756139495743,1.5382060429940378,12,5
SMILES_96,1,443.8283805975998,4.660621003930459,14,6
SMILES_97,1,298.3955271782626,2.8194282540696025,4,7
SMILES_98,0,359.61207769409833,-0.25900431902105425,14,4
SMILES_99,0,303.7724711294957,4.271132515725633,6,6
SMILES_100,0,306.55037725676846,2.1970077210691157,12,5
SMILES_101,1,319.08278765313605,2.8642000765437587,11,4
SMILES_102,0,372.21337716337126,3.4979704958535223,13,2
SMILES_103,1,302.1251378336523,3.2857495196685997,10,4
SMILES_104,1,475.5756125573521,4.064177725708559,7,0
SMILES_105,0,260.53926977804963,2.346770444145235,13,6
SMILES_106,1,331.3128355838641,3.769658697264124,10,4
SMILES_107,1,306.0268941725825,2.610679983624124,9,7
SMILES_108,0,494.6977884353733,4.108215721331255,9,2
SMILES_109,0,369.65547765115747,3.92305122601958,2,3
SMILES_110,0,453.18445394686347,1.5968419469331072,14,5
SMILES_111,0,201.4439626963028,4.628973174262548,10,4
SMILES_112,1,376.7050265869259,2.1960548323289277,7,5
SMILES_113,1,438.9630795623437,4.212086697421718,10,1
SMILES_114,1,358.2283989275424,3.550930970102011,4,0
SMILES_115,1,456.54803750653514,5.757275515192683,13,6
SMILES_116,1,298.2711549899628,2.664801026442222,4,0
SMILES_117,0,490.934744018558,2.476024805822704,7,1
SMILES_118,1,579.889812361925,2.970870591168401,10,1
SMILES_119,1,313.7161439560341,2.5452303257485873,8,6
SMILES_120,1,305.4497478599228,4.199912852913075,14,4
SMILES_121,1,495.3384477117701,0.5755340873451181,4,1
SMILES_122,0,507.9572145730712,1.4194763712804686,4,3
SMILES_123,0,297.71399728467316,1.3982956176312102,3,5
SMILES_124,0,307.98131829041426,4.425461387960364,10,5
SMILES_125,1,321.82153911394926,5.565920058872888,14,2
SMILES_126,1,215.55494889657228,2.843326172193793,4,7
SMILES_127,1,258.13480535158016,2.746767415214984,12,1
SMILES_128,0,249.5859233247932,3.1050782446697722,6,1
SMILES_129,1,273.2202434895872,4.742817453912285,10,3
SMILES_130,1,346.5315112613219,1.608970298714139,9,0
SMILES_131,0,373.42147325365204,3.3575534741021777,3,0
SMILES_132,0,505.05004928140767,4.462796444673645,4,5
SMILES_133,0,250.1645959261209,3.7516412549097673,3,5
SMILES_134,1,448.43223984765837,3.284372424898115,9,4
SMILES_135,0,328.6011155774491,4.501569138850712,7,6
SMILES_136,1,345.0536290347567,-1.0548484394988558,7,7
SMILES_137,1,417.4819492166603,4.016812979296361,13,3
SMILES_138,0,237.72779784377013,2.0188864753088644,10,6
SMILES_139,1,388.24097461840506,0.2540506547153146,9,6
SMILES_140,1,366.6452208213056,3.766803899287471,5,2
SMILES_141,0,399.24512640081485,5.060487817744437,13,6
SMILES_142,1,378.9168643907818,2.793827228058462,5,2
SMILES_143,0,595.5300139910894,4.429311820804408,10,6
SMILES_144,0,286.2260015748684,5.418417386982968,2,3
SMILES_145,0,296.9003044998182,4.972371680376071,14,2
SMILES_146,1,287.68594735752356,5.459946794057089,3,0
SMILES_147,1,294.4522880839745,4.113191236607839,3,2
SMILES_148,0,286.26128726934826,3.113150458352389,14,2
SMILES_149,0,468.9016531107552,0.5970512821542473,14,3
SMILES_150,1,492.0504247989855,2.630906267805077,7,3
SMILES_151,0,292.9253706250524,1.735130107025713,5,2
SMILES_152,0,266.76444268957715,6.25641407624672,14,7
SMILES_153,1,397.1415556386404,2.736171281351495,12,1
SMILES_154,1,294.7776955719028,3.1848072101767286,11,7
SMILES_155,0,413.2931817755511,3.8272280640607015,14,3
SMILES_156,1,370.29230208512996,3.0654036695586804,4,7
SMILES_157,1,198.4255885002768,5.54257656064613,4,7
SMILES_158,0,504.75052013300615,2.066025957398322,4,4
SMILES_159,1,529.5877673095522,3.291911182855864,7,4
SMILES_160,0,288.7211309515614,1.8862941214529276,9,0
SMILES_161,1,311.2298440064016,1.0199662331689412,12,6
SMILES_162,1,378.5865390724905,2.082346363642072,8,2
SMILES_163,1,383.44567899870253,2.944444804427382,5,1
SMILES_164,0,415.85442726728303,2.35604666322411,12,0
SMILES_165,1,551.020453876635,1.961368530189216,13,2
SMILES_166,0,332.30527725059505,0.8905238044922492,5,7
SMILES_167,0,270.17027554615464,2.875341641056958,12,3
SMILES_168,0,212.0680771985473,0.7429194389534967,11,4
SMILES_169,1,276.9069960058081,4.140083945534404,12,5
SMILES_170,1,346.6873027126203,3.123659629401755,12,1
SMILES_171,0,529.4557863517788,0.8136727508026041,12,7
SMILES_172,1,298.23887009638287,2.536186384425205,3,5
SMILES_173,0,372.37879516388983,1.8717653916141253,2,4
SMILES_174,1,348.3577103927248,3.4787617656287706,10,7
SMILES_175,0,468.8393273448084,5.0106756690347165,13,6
SMILES_176,1,602.6932425873622,0.18724129553138313,13,6
SMILES_177,0,296.91312270796794,3.172539118721126,3,5
SMILES_178,1,301.0560557481778,2.7598008066500395,14,3
SMILES_179,0,454.4160877069072,4.007010114675698,9,7
SMILES_180,0,418.1891489626311,3.3197949423565336,10,2
SMILES_181,0,534.6707325736033,1.8720460023917713,5,7
SMILES_182,1,408.3928185325964,2.5214190965000727,9,3
SMILES_183,1,314.070790921294,1.8059612147947663,10,7
SMILES_184,0,409.06548306923094,4.614010707897897,11,5
SMILES_185,1,460.8703580582908,3.031967473007913,11,3
SMILES_186,1,432.0482181197364,5.851786028629511,6,4
SMILES_187,1,400.72740311072977,2.909008779278069,14,1
SMILES_188,1,456.6674689589154,1.9373898496343058,8,3
SMILES_189,0,466.92955904456727,0.7294284110807593,11,7
SMILES_190,0,488.2158991037527,0.2952904856160824,5,4
SMILES_191,1,414.87098875896424,0.6237960854917654,2,1
SMILES_192,1,333.28819196831455,3.400689976517225,4,6
SMILES_193,1,364.6713686433323,3.763087534844901,6,2
SMILES_194,0,470.6508966508357,0.6282139469517999,4,5
SMILES_195,0,268.30643290127637,4.342557471114173,13,7
SMILES_196,1,386.8673308872901,2.2754084224748405,14,7
SMILES_197,1,310.6661187672639,3.220189517978324,12,6
SMILES_198,1,352.8744822934818,5.418330942383136,8,2
SMILES_199,1,477.84518626072986,4.345258973798298,13,6
SMILES_200,1,369.10990680199035,2.5972040281412516,10,0
SMILES_201,0,354.64365481561487,1.663211661877069,13,6
SMILES_202,0,214.0143859020081,-0.2277231019939574,7,4
SMILES_203,1,424.6253566027221,1.9212700211363698,14,1
SMILES_204,1,414.54841811410756,2.6833046417584585,11,7
SMILES_205,0,566.3254723305461,1.5192307092732245,2,6
SMILES_206,0,319.2221765046999,2.803114549361543,8,7
SMILES_207,1,371.9150327663939,3.1152778244381523,4,3
SMILES_208,0,374.9383683710755,2.6627160272878823,6,2
SMILES_209,0,507.7453279763474,2.02499612876481,11,6
SMILES_210,1,340.4704467613048,3.2529820079500915,5,1
SMILES_211,1,377.9021525770339,3.6629109743541135,11,4
SMILES_212,1,410.78965097165394,1.364401383835731,6,0
SMILES_213,0,368.6609123156358,5.116398569619405,6,7
SMILES_214,1,305.35663854494715,2.8521178015736073,7,2
SMILES_215,0,369.4089992898308,3.0282744344172716,11,5
SMILES_216,0,457.3631749859772,4.062321634884836,13,1
SMILES_217,1,247.34847005889398,3.3498241968952525,11,5
SMILES_218,1,363.2969674146876,4.429704950869867,14,1
SMILES_219,1,279.9879185060827,3.4306862478027362,14,1
SMILES_220,1,469.50466289248425,2.081343938039343,12,4
SMILES_221,1,197.68130952162252,3.5422552878091524,7,4
SMILES_222,0,294.10781527284115,1.2844106890190075,9,4
SMILES_223,0,387.7211875064521,3.1628395586647846,9,6
SMILES_224,0,506.55240292343404,2.950155014033309,12,3
SMILES_225,0,343.42497389270125,2.6878247140911906,10,1
SMILES_226,1,294.4800473306802,2.8071937328416037,9,2
SMILES_227,0,538.115706944059,0.17722643175354136,14,5
SMILES_228,1,205.1986099583756,2.1769126383885578,12,4
SMILES_229,1,130.1194043379918,3.139267351711672,3,6
SMILES_230,1,394.00144500533327,3.2397845879961005,13,4
SMILES_231,1,299.79457756473886,1.458487288611063,11,5
SMILES_232,1,247.87671828692868,4.898561761297051,13,5
SMILES_233,1,420.8356447299353,1.700737727678249,12,7
SMILES_234,0,374.38007137711986,4.454185800790105,2,1
SMILES_235,1,293.59213692632716,3.6407915428075275,11,4
SMILES_236,0,221.96956013291057,2.0306590352342955,3,5
SMILES_237,0,437.24573282801447,5.662966338914267,3,3
SMILES_238,1,415.0201177958661,1.20954475236528,13,3
SMILES_239,0,340.0824136220617,4.378731260415003,4,4
SMILES_240,1,534.6636996047666,4.500873477064467,11,6
SMILES_241,1,242.99152336738473,1.9940696863850327,8,5
SMILES_242,1,197.4474829075261,5.088697950096493,3,7
SMILES_243,0,280.80919301187555,2.624930228101571,2,1
SMILES_244,0,345.4413983644502,3.4330404439197855,7,1
SMILES_245,1,374.33394493226916,3.390482758156831,10,6
SMILES_246,1,325.876394214367,2.798536887794178,4,7
SMILES_247,1,385.20553965142966,4.216212409739673,7,1
SMILES_248,1,224.84605758095557,4.190233080828319,4,7
SMILES_249,1,494.37646040732596,0.37720204014272884,14,0
SMILES_250,0,341.7848821607431,4.956510364317229,2,4
SMILES_251,0,461.7295831588128,0.5062620179464885,14,1
SMILES_252,1,384.27253463777043,4.5488193065124864,13,3
SMILES_253,0,395.6753219153784,4.690057705241375,6,5
SMILES_254,0,406.97672802322035,1.3635503546772028,11,7
SMILES_255,1,394.7708560017315,2.3837785680681227,14,7
SMILES_256,1,414.2722759867544,1.3414429972710964,12,2
SMILES_257,1,482.91525301324316,2.677618454566897,5,6
SMILES_258,1,369.652116970147,2.5379485737213883,8,2
SMILES_259,0,420.9003757588512,4.16949079840401,7,1
SMILES_260,1,341.02643057127733,4.965463119179413,11,2
SMILES_261,1,494.0117215449473,5.093525716184934,8,2
SMILES_262,0,282.360769794073,2.156747960132547,6,0
SMILES_263,1,530.0940432910816,2.6861671893832084,5,7
SMILES_264,1,345.9842049355657,0.47484271166857495,8,3
SMILES_265,1,206.92248978819518,1.791194900255717,8,6
SMILES_266,1,362.8104414910789,4.447277449646187,7,3
SMILES_267,1,281.89483425251194,5.423374235322347,9,0
SMILES_268,0,434.0643548988724,1.1484766921801168,5,0
SMILES_269,0,284.7376020697609,2.1113036112706585,11,2
SMILES_270,1,305.381656678522,2.9603913645616093,6,4
SMILES_271,1,161.0459269054469,3.4202417382294095,5,7
SMILES_272,1,304.7693680750923,1.7855947201175308,13,5
SMILES_273,1,107.61206733710434,3.6360915666961344,2,7
SMILES_274,1,191.60971765142767,2.2892409793936257,13,5
SMILES_275,1,426.04146561442974,2.9783215936825815,9,2
SMILES_276,1,428.5800158650832,3.8194263720055495,2,5
SMILES_277,1,392.54575617849645,3.0096334047164066,6,0
SMILES_278,1,253.3023856870787,2.3454211642101472,7,3
SMILES_279,1,345.228864385802,2.8355852941112536,7,5
SMILES_280,1,349.63974609094316,2.867455561191997,14,7
SMILES_281,0,234.16353108074577,2.444983455176808,6,6
SMILES_282,0,500.33983017671505,2.6118059059993466,4,2
SMILES_283,0,437.73622905756713,5.3979707557570755,6,4
SMILES_284,1,327.90358261703363,3.841379171911858,13,2
SMILES_285,0,352.6885838994531,2.5567795229562593,9,1
SMILES_286,1,370.83828079475524,4.045431606766104,3,2
SMILES_287,1,145.82651315757093,2.499270765365985,7,0
SMILES_288,0,325.2822617479403,4.759686956379962,10,3
SMILES_289,1,281.80157520022016,3.554463288297141,9,3
SMILES_290,0,249.83799901050844,2.839046783993657,12,6
SMILES_291,0,321.8899707114045,3.671575388715416,9,5
SMILES_292,1,529.7686526849523,0.6436857718972511,9,0
SMILES_293,0,414.084286126701,1.309848796635292,14,1
SMILES_294,0,292.8821010217203,1.209112490401417,8,0
SMILES_295,1,407.25827813561585,3.21441464214556,9,2
SMILES_296,1,489.93554365860024,5.598772499227638,14,0
SMILES_297,0,442.4633682912769,6.346950219288948,7,0
SMILES_298,1,355.9630369920174,3.9570766521611356,3,6
SMILES_299,0,285.3063222294426,3.7512667124166854,3,1
SMILES_300,0,419.822331361359,0.29841339877089157,9,2
SMILES_301,1,389.348538542175,2.185989300398967,12,4
SMILES_302,1,439.5193220027732,1.8183243721376416,2,6
SMILES_303,1,413.51718016819694,2.068728602623326,7,4
SMILES_304,1,454.95527153193353,2.7477842721228156,14,6
SMILES_305,1,296.4764788439432,2.2918641334543093,7,3
SMILES_306,1,481.73940656343257,0.03105028443631841,12,7
SMILES_307,0,369.75996046923996,4.121865384176301,5,6
SMILES_308,1,557.5260872625265,1.3908854613902903,13,5
SMILES_309,0,281.0812181910432,3.3588702961667245,12,0
SMILES_310,1,523.5963803165249,6.11112400462496,14,3
SMILES_311,0,369.7910783462648,1.620923112620365,12,1
SMILES_312,0,284.85819963855516,-0.7954312841194946,14,4
SMILES_313,1,301.61141659456786,2.5709936671798337,11,7
SMILES_314,1,317.965269180568,4.651439452497857,4,7
SMILES_315,1,392.41659464019165,5.937521181330891,14,6
SMILES_316,1,402.28354880354993,1.1556756083213746,12,0
SMILES_317,0,292.6299996061421,3.7450488348547823,4,1
SMILES_318,0,347.56454077390174,2.30203431482992,14,5
SMILES_319,0,564.2270358611863,2.8410774685437965,14,1
SMILES_320,1,522.7543170100712,6.966515020525552,2,0
SMILES_321,1,393.6323669674032,0.7455445074072702,4,5
SMILES_322,1,353.80034781682,3.3806094922418604,5,1
SMILES_323,0,362.0031326718261,3.70153975764815,12,5
SMILES_324,1,411.35179727304165,4.628679487409021,12,6
SMILES_325,1,247.72074348015946,3.146974730206343,6,6
SMILES_326,1,324.2623462576655,3.462075809256153,4,0
SMILES_327,1,183.141592612241,2.412527148867314,7,0
SMILES_328,1,389.9223122605279,3.403690411867661,12,5
SMILES_329,0,414.7195939702741,2.485211586753884,13,2
SMILES_330,0,301.68135377006263,3.932357834784076,6,3
SMILES_331,1,507.39867632900325,2.445584495934549,4,7
SMILES_332,0,227.4234336997659,3.56565059085328,7,1
SMILES_333,0,203.562511979018,2.9561057794725323,7,1
SMILES_334,0,372.4451818559972,4.689075376158252,9,2
SMILES_335,0,454.7098302612155,2.9229094146172705,3,2
SMILES_336,1,518.3927691457868,0.34045129768967786,2,2
SMILES_337,1,304.111573713106,4.892882251070987,5,4
SMILES_338,1,457.86808334312957,1.6414015487060716,8,4
SMILES_339,0,346.1491530499293,2.01935049202677,12,5
SMILES_340,1,332.73727000591805,2.106508058934762,11,4
SMILES_341,1,438.3659937486672,5.061657139756226,4,6
SMILES_342,0,415.232287841342,-0.20351132096804392,4,6
SMILES_343,1,192.36078430157505,7.706622800489992,6,0
SMILES_344,0,497.65403497258956,4.584085213599078,6,7
SMILES_345,1,488.0091354147452,3.3348583711937394,14,5
SMILES_346,1,287.44372984904703,2.9176589990755706,11,7
SMILES_347,0,389.5803533437409,3.4283311122864855,4,1
SMILES_348,0,399.40301862827386,3.781683642569008,10,3
SMILES_349,1,376.0673765823907,3.967823378925086,5,0
SMILES_350,1,294.969484615458,3.833406699005173,14,1
SMILES_351,1,282.83766320619486,3.134371021882873,14,1
SMILES_352,1,347.44459290085547,2.703992369539011,4,5
SMILES_353,0,467.2729019259365,2.7730900745197324,12,2
SMILES_354,0,404.3600154594432,2.7076375794709784,3,2
SMILES_355,1,312.9385667913894,4.700655145300597,11,7
SMILES_356,0,427.16987106483447,3.890335083421293,14,0
SMILES_357,1,65.14573793699245,-1.4105829519964204,12,2
SMILES_358,1,464.87657003721034,3.9838511647946415,10,1
SMILES_359,1,176.02862212219003,3.2921042920781622,5,2
SMILES_360,0,313.7559058596868,2.9719368653311538,4,4
SMILES_361,1,238.03301053738562,2.417222320366671,8,2
SMILES_362,1,220.53185242790946,4.68616907997902,9,1
SMILES_363,1,466.0826787378519,4.421289693184287,12,7
SMILES_364,1,303.2298798688109,1.8406834982645863,3,5
SMILES_365,0,384.6503881730716,3.6105784306868025,8,0
SMILES_366,1,345.3079421120816,1.5425148981880712,13,3
SMILES_367,1,397.70408272231214,0.9305727528166046,6,2
SMILES_368,0,357.68218910602553,2.059924163115052,12,6
SMILES_369,0,221.70077758114303,4.293590208574138,6,6
SMILES_370,0,449.626681944714,4.42968756806413,4,7
SMILES_371,0,300.62434168386875,3.7696281301459393,6,1
SMILES_372,0,194.34181013402488,4.087643680271996,13,3
SMILES_373,1,307.1884839034087,3.7742674306724378,3,3
SMILES_374,0,500.0759790634311,2.0377776071655718,5,4
SMILES_375,0,435.0221742113493,3.647883817010911,7,3
SMILES_376,1,315.1347865592141,4.200614287841524,2,6
SMILES_377,0,315.07422956815714,4.131436994720362,11,5
SMILES_378,1,317.83649487826176,4.783370057211965,5,1
SMILES_379,0,557.6747983560841,4.062455770801596,7,1
SMILES_380,0,388.19354522315535,3.5271723113123743,10,2
SMILES_381,1,393.00416471910694,4.605225357474641,12,2
SMILES_382,1,453.02834540318423,2.96021811112641,12,2
SMILES_383,1,373.87891590265133,1.6771880231584229,14,6
SMILES_384,1,324.0957854179297,2.755399554084354,3,6
SMILES_385,1,330.3650150915022,1.8826460327903263,12,7
SMILES_386,0,342.8398740585936,1.9872325875384278,8,6
SMILES_387,0,346.2777763490158,2.7832219939267233,7,6
SMILES_388,1,422.762954363698,1.8113701185000581,3,6
SMILES_389,1,355.19458858072994,2.5380577055414397,9,6
SMILES_390,1,423.2640077215579,0.1595779995693215,8,5
SMILES_391,1,341.92834198914176,3.3199405610594077,12,6
SMILES_392,0,357.8635190316091,3.0018082130433363,6,7
SMILES_393,1,150.17993154678925,1.774367053397714,13,3
SMILES_394,0,441.63276747024815,3.9888685026486077,6,3
SMILES_395,1,384.6488475897993,4.406355206439837,8,4
SMILES_396,1,449.8010109859652,0.5886602034465388,10,5
SMILES_397,1,60.37446218063107,1.8559128321506786,12,2
SMILES_398,1,558.8374704780728,1.8462864753190529,10,0
SMILES_399,1,336.0410371844826,1.5901453483367032,10,6
SMILES_400,0,460.81828167375164,4.244212262897623,7,4
SMILES_401,1,246.00940728744692,2.7092607918407947,11,0
SMILES_402,1,411.27739050625695,2.603227738034084,7,7
SMILES_403,1,244.65844368263438,-0.005793546610130207,4,3
SMILES_404,0,287.62310393041946,3.9531270453138396,2,4
SMILES_405,1,541.4031353866786,1.1411124077197912,8,7
SMILES_406,0,330.93175992366537,3.0898989453994927,5,4
SMILES_407,0,371.74328731797226,3.416065406937288,2,1
SMILES_408,1,437.00677306887536,5.040987893757976,9,7
SMILES_409,0,399.56818879726046,1.0367694013213318,13,3
SMILES_410,0,365.04189051435765,-1.529268233731238,7,3
SMILES_411,1,386.4961002466225,3.2757743171305425,7,5
SMILES_412,1,590.3415585238275,5.700766772266281,3,4
SMILES_413,1,344.23812029664145,4.858419529409156,2,6
SMILES_414,1,370.10990467149674,3.314489122911939,14,3
SMILES_415,1,455.0654396007612,2.262545721551929,3,4
SMILES_416,0,460.5525932957984,4.210683894955966,5,5
SMILES_417,0,468.703030556038,1.539680700443297,3,6
SMILES_418,1,413.87302220291843,3.7145366540343288,2,7
SMILES_419,1,235.69950872695165,3.75820523874994,8,5
SMILES_420,1,513.3431532301096,4.59031486124832,12,1
SMILES_421,1,235.3654606981312,7.139490058366617,12,6
SMILES_422,0,380.2635465239033,3.5886239507681506,13,4
SMILES_423,1,274.57241499806423,2.236554561438752,9,3
SMILES_424,0,343.58616534070075,2.9616385317120084,7,3
SMILES_425,1,382.87624103034807,0.3463861426663226,5,4
SMILES_426,1,382.1357215450273,1.9579303033664126,7,4
SMILES_427,1,392.1920754235285,2.386076342830344,4,4
SMILES_428,0,511.3711269058647,2.2138674030981114,13,2
SMILES_429,0,395.35343015139796,3.2285323080505828,9,6
SMILES_430,0,325.5843364709351,1.7663701014266993,11,3
SMILES_431,1,446.40871682883574,4.681546000986707,14,6
SMILES_432,1,468.94704889246407,3.000310597377296,14,5
SMILES_433,0,227.23921848630076,2.9860495182920603,3,3
SMILES_434,0,409.7400069849858,2.5081579252306234,6,2
SMILES_435,1,420.1172742310898,3.2327860257884686,2,4
SMILES_436,0,320.2436496640008,4.237647397001452,7,1
SMILES_437,1,487.57068133116195,1.6993046764336497,3,4
SMILES_438,1,334.9944412967473,2.012825266387115,5,7
SMILES_439,0,362.5576453471543,2.544410956835003,7,4
SMILES_440,0,332.69281757161303,0.9811936147901776,11,2
SMILES_441,1,351.5579047581468,1.7711132104177534,12,6
SMILES_442,0,240.37249131047983,2.285668689683012,9,3
SMILES_443,0,205.99491174057056,4.311583771069091,13,4
SMILES_444,1,509.45050632249723,3.393841993502888,9,3
SMILES_445,1,265.3038651681672,3.290384867051317,12,0
SMILES_446,1,250.8607650543693,4.2763469432519585,7,5
SMILES_447,1,134.66098863962853,2.793942317400905,5,6
SMILES_448,0,286.10382523104977,3.5856972748933345,9,3
SMILES_449,0,217.69102065925014,2.8451673706012555,14,1
SMILES_450,1,514.2015160136369,3.3980435240994424,9,5
SMILES_451,1,450.9817089342634,2.1258620135826267,11,7
SMILES_452,1,281.1849654822276,-0.6582257374146436,2,7
SMILES_453,1,575.2435805344309,2.798581256720544,5,1
SMILES_454,0,448.1765486991594,5.13412220414991,5,4
SMILES_455,1,317.51686164913775,4.389323103362388,8,5
SMILES_456,0,100.05942851264274,4.448096226886756,12,3
SMILES_457,1,579.0942572590741,4.8541960827093265,8,5
SMILES_458,0,211.0427533236404,3.1329863864421563,14,4
SMILES_459,0,185.46012530431082,3.295973561108394,12,2
SMILES_460,0,452.257043200964,2.0735221568484747,9,6
SMILES_461,1,593.9752406339272,2.5258907159594255,12,1
SMILES_462,1,488.4272818510518,3.9236567246567122,6,4
SMILES_463,1,406.390912005236,4.805826655753224,8,2
SMILES_464,1,409.4754341665286,2.7908305864785006,9,5
SMILES_465,0,435.34155587803076,2.3247161027228826,10,5
SMILES_466,0,425.8928589786765,3.000791938284896,4,4
SMILES_467,1,378.1191423969376,3.9018101233936724,4,3
SMILES_468,0,360.42011039518763,0.8342177757996873,5,5
SMILES_469,1,343.7406872100478,-0.4442714297058572,6,3
SMILES_470,0,274.60354111333237,2.1741947257626246,11,3
SMILES_471,1,321.9324923133226,1.1689313611287622,2,6
SMILES_472,0,180.70431858046146,2.2377897035290335,8,3
SMILES_473,1,340.166037320525,2.778329521773793,10,0
SMILES_474,1,251.14088928490824,2.32012738646548,9,6
SMILES_475,1,239.6410682784229,5.178701301706118,6,2
SMILES_476,0,367.98941511534787,3.49011714690348,5,2
SMILES_477,1,489.2002286344599,3.4507115394162424,13,5
SMILES_478,1,441.8316606002313,3.933310716065103,8,5
SMILES_479,1,192.94993963768226,1.2917503233288463,6,3
SMILES_480,1,251.03718634296624,4.558667681130403,8,6
SMILES_481,1,444.0771187988216,2.8863535701968104,13,6
SMILES_482,1,251.75126064616904,4.0057209258618185,2,0
SMILES_483,1,327.53668500029755,1.392214150439767,2,3
SMILES_484,1,405.0052099024552,0.6693618509759035,11,0
SMILES_485,1,253.16555451363647,4.226834487037543,14,7
SMILES_486,0,360.537550614596,3.564614289146275,4,3
SMILES_487,0,216.59745050817955,1.6469226684637344,12,1
SMILES_488,1,289.86323560487864,1.6955053780879585,3,1
SMILES_489,1,381.9781934142537,4.688152176622154,3,4
SMILES_490,1,190.70062664683306,1.2158821606990082,8,3
SMILES_491,1,394.0474737960399,5.464009429883945,13,6
SMILES_492,0,348.03622010733187,1.649068898028197,11,5
SMILES_493,0,405.2489954417148,3.9575878884125744,3,2
SMILES_494,1,372.39141340646614,2.507072286376523,12,4
SMILES_495,0,486.4140429973844,3.9047811466235145,5,5
SMILES_496,1,362.52245026479073,2.1838289968287112,3,1
SMILES_497,0,307.0594458874747,2.755810640891559,7,3
SMILES_498,1,362.2297503032284,3.0613787630935816,9,4
SMILES_499,1,404.32980290363884,1.496718816327791,11,3
SMILES_500,1,354.88600703257043,4.111236518130188,5,1
SMILES_501,1,354.0591691203882,2.230179650292622,6,4
SMILES_502,0,279.80083121932444,2.657100126989972,5,1
SMILES_503,1,283.70990824490514,1.5084759380872317,4,0
SMILES_504,1,209.73947282003064,-0.8435004881929657,6,1
SMILES_505,0,524.957674318694,2.7134583560997463,10,6
SMILES_506,1,225.6136764608715,6.618923132419374,9,6
SMILES_507,1,280.70948022040926,4.176906431847036,9,3
SMILES_508,1,278.1592734430803,2.9711094303984082,9,2
SMILES_509,1,439.4924376944441,2.6056637561875986,13,1
SMILES_510,1,320.5050321707972,3.0336988392180695,9,5
SMILES_511,1,474.77420726737336,3.820678672762815,8,6
SMILES_512,1,282.65093757561317,1.2287807770367327,9,7
SMILES_513,1,377.8994162223802,4.671482542003308,12,2
SMILES_514,0,266.4652946740243,4.073071973161866,9,0
SMILES_515,0,564.5149127773388,4.077278588561902,14,4
SMILES_516,0,231.24015809704872,3.657713608214591,9,4
SMILES_517,1,380.98207102270277,3.029424986540985,13,6
SMILES_518,1,413.3776880932098,4.00929185395023,11,2
SMILES_519,0,391.3799097451498,3.887721200612067,8,6
SMILES_520,1,331.4712341122292,2.4689389335884644,13,4
SMILES_521,0,337.0179300266574,2.1395973406546487,2,7
SMILES_522,1,354.38114719791093,3.15278444289298,5,1
SMILES_523,1,335.2997998371511,5.323530227242781,14,2
SMILES_524,1,446.38791167949097,1.1413393865191486,14,3
SMILES_525,1,571.0523001591351,0.79871210137134,5,1
SMILES_526,1,294.2508214992166,3.2471412618547753,6,1
SMILES_527,0,213.0197020420922,3.076331552784027,11,1
SMILES_528,0,341.17179516487454,3.2600124965556123,7,3
SMILES_529,1,607.9709337654318,3.3659297968627504,5,7
SMILES_530,1,269.6325432030269,2.6651966180477924,3,0
SMILES_531,1,513.9116805444067,5.2347951579031236,7,7
SMILES_532,1,517.770081407644,0.5986440322852267,9,7
SMILES_533,1,294.64117582920056,1.757254462829631,9,7
SMILES_534,1,406.8983079185275,2.845117859776429,8,5
SMILES_535,1,512.8396623128538,0.5352167832687494,7,6
SMILES_536,1,312.0872259012513,2.7362183933518933,3,4
SMILES_537,0,329.64196398976384,5.492205248592027,8,6
SMILES_538,1,291.83190860513565,3.0313297324439428,12,2
SMILES_539,0,248.5243269307133,3.346051358578025,13,7
SMILES_540,1,285.0722454933993,1.1097528522411295,6,0
SMILES_541,1,227.60597332377435,2.0754578879407837,7,2
SMILES_542,0,353.4083468259226,2.4372054295140946,11,6
SMILES_543,1,273.00267689413585,2.5234273548656487,9,4
SMILES_544,1,373.37859117907476,4.922465692505653,9,3
SMILES_545,0,194.41043537963728,3.836536591087687,4,6
SMILES_546,0,383.0880232214457,1.332813064594452,13,1
SMILES_547,1,433.35289616089244,3.3697571676480074,13,6
SMILES_548,1,150.62643574285445,3.7473326227451778,8,1
SMILES_549,1,387.40565698475723,4.7102235577819,2,3
SMILES_550,1,472.7668992473292,5.37081102985256,2,6
SMILES_551,1,229.03589813087945,1.477358712258197,8,0
SMILES_552,1,517.2572386837703,1.7837137331844928,11,0
SMILES_553,1,391.90190093660453,1.1136332116280756,10,2
SMILES_554,1,279.4988144241591,2.6489702113395284,8,3
SMILES_555,1,344.4230922342294,3.6995375616695014,11,7
SMILES_556,0,405.83269125217225,4.481001774883653,6,0
SMILES_557,0,357.60053914124114,2.886073464536216,9,6
SMILES_558,1,403.87559924463693,2.5202287151177343,3,3
SMILES_559,1,257.9326406920634,3.2276369883731104,10,4
SMILES_560,1,366.9360824036078,1.7472856475549654,7,1
SMILES_561,0,208.62855030950197,6.1343080825421605,14,6
SMILES_562,0,338.87739386513,0.588508459322912,10,1
SMILES_563,0,259.609235853521,3.277110868343587,3,1
SMILES_564,0,276.44700574102336,6.035409328844459,4,7
SMILES_565,1,473.60931752104375,3.0101997668399965,13,3
SMILES_566,0,459.1310120594269,2.7149414474977585,9,3
SMILES_567,1,410.9138120907177,2.463831865784359,2,2
SMILES_568,1,240.76872353274211,2.729412477356388,11,1
SMILES_569,0,318.3591550305198,5.059272712014796,8,2
SMILES_570,1,471.30976999791835,-0.31779286699426024,8,7
SMILES_571,1,364.1716913639905,5.300150551944489,14,1
SMILES_572,0,581.9329539981694,0.8640642713247824,2,2
SMILES_573,1,389.3317839394372,2.600021506148378,10,2
SMILES_574,1,369.2049116490032,2.3561333695520075,9,4
SMILES_575,1,319.0883535797499,3.8828299046560795,5,2
SMILES_576,0,363.3540904782282,0.6028134721743786,11,3
SMILES_577,1,334.75301636194564,3.6932589991229143,12,2
SMILES_578,1,420.81086766885903,6.036464434930279,6,1
SMILES_579,0,445.6702316794584,0.9552389931107843,3,2
SMILES_580,1,271.40105394920505,3.2845592514155935,14,0
SMILES_581,1,216.8767046442222,2.0070267333050866,10,5
SMILES_582,1,166.37946268967033,3.6388308092895536,13,1
SMILES_583,0,400.7991326912544,3.0287216661236283,13,0
SMILES_584,1,239.66333938261263,2.0377696364335356,7,7
SMILES_585,0,134.71094070475172,3.731808427306611,4,1
SMILES_586,0,388.8578604530964,5.7065221646801145,13,3
SMILES_587,0,599.299951743279,2.713644312409052,8,5
SMILES_588,0,349.39290884601064,4.079636913222273,10,5
SMILES_589,0,433.8490774451642,1.0600905631932545,4,3
SMILES_590,0,358.1829358547565,1.565345434772987,3,5
SMILES_591,1,340.1110346808857,3.708609416820566,8,3
SMILES_592,0,441.90764829877685,5.226174042803947,8,0
SMILES_593,0,320.97254558113485,3.53342002317849,5,7
SMILES_594,1,376.7392314071903,2.5304129542152687,12,4
SMILES_595,1,382.16978061960134,2.9989371081350313,10,1
SMILES_596,1,283.1909546356951,1.1243883990454238,9,3
SMILES_597,0,449.2042349536523,3.9067729895330503,14,1
SMILES_598,0,332.5040243304591,4.3234995934851135,14,7
SMILES_599,0,274.4254840507155,2.3218645007503795,2,0
SMILES_600,0,403.65098435704033,2.2949367783607477,2,4
SMILES_601,0,260.1532018208963,3.398817344478073,6,7
SMILES_602,0,352.81811573691283,2.344920395939107,7,0
SMILES_603,0,349.08810033557967,2.9008010780612663,4,5
SMILES_604,0,458.5895565831578,6.149582683749773,14,1
SMILES_605,1,397.46982328799527,2.629461448881005,10,6
SMILES_606,0,347.4973041254856,2.4624897719681664,13,4
SMILES_607,0,431.7766299200287,2.0286872915472607,11,5
SMILES_608,1,489.0207549017313,4.116287957249905,7,7
SMILES_609,1,405.7810306351862,2.7281637401728456,5,4
SMILES_610,0,351.03526198433804,2.025940442517861,13,5
SMILES_611,1,218.81637676498406,4.9819560484095184,8,0
SMILES_612,1,243.48863369246274,5.129404506770456,9,3
SMILES_613,0,319.47752956453326,2.099364651391942,10,1
SMILES_614,1,289.0487797840717,0.20019007295907565,14,2
SMILES_615,1,331.3028697014554,4.511270534755383,12,2
SMILES_616,0,355.6649924897107,1.973055261359994,7,0
SMILES_617,0,402.96927543567307,4.1859383987441525,7,7
SMILES_618,1,342.95012219409085,0.044844273432246395,9,1
SMILES_619,1,398.6501643826202,4.338896007448964,13,7
SMILES_620,0,356.44744148101205,1.1832421060788283,6,1
SMILES_621,0,152.45334336461286,4.096146178599787,4,0
SMILES_622,0,256.06646061812455,3.0214096017546512,13,1
SMILES_623,1,335.59124442783843,1.5690908709050326,4,3
SMILES_624,1,229.03052571588924,2.3894455306098292,14,7
SMILES_625,0,409.99287299962043,4.029477685435051,7,0
SMILES_626,1,503.07508323436974,3.1588416796728516,3,3
SMILES_627,1,471.8761851697317,3.8766194707087265,7,1
SMILES_628,0,328.6557129069792,5.9646608767732285,14,0
SMILES_629,0,499.0726136849952,0.653637582433423,7,1
SMILES_630,1,364.86674572021116,5.425818862452936,9,7
SMILES_631,1,316.29140288819605,3.1565339062848192,8,0
SMILES_632,1,288.65973364590604,1.6518239275153077,9,1
SMILES_633,1,319.7530313511872,1.0045295613915153,10,7
SMILES_634,0,311.1823181458771,2.7163194138344497,7,3
SMILES_635,1,367.0416222375488,4.382475167886689,4,6
SMILES_636,1,366.0573981049865,2.8086763194336988,11,3
SMILES_637,0,350.30460201534146,5.2667323953710214,4,1
SMILES_638,0,393.693816974635,0.8232364649226617,12,0
SMILES_639,0,469.0646274786341,2.981866578230918,13,2
SMILES_640,0,444.9554135441324,1.1214098333803215,2,3
SMILES_641,0,201.51020315500966,3.545447823937452,12,3
SMILES_642,0,94.60788650980452,4.330331085145951,14,7
SMILES_643,0,443.4319911239274,2.36885730947842,6,5
SMILES_644,0,213.3121301584579,-0.9063207849407013,5,2
SMILES_645,1,327.52345981073165,3.298422220194742,10,1
SMILES_646,1,232.98869739406405,3.655107827600264,10,6
SMILES_647,1,169.80195624199803,3.606442132442546,6,0
SMILES_648,1,404.1462728204788,4.853673287733232,11,5
SMILES_649,1,425.9155160302647,1.3934194805264268,5,1
SMILES_650,0,292.34895992732805,4.020324158175674,8,4
SMILES_651,1,90.89577078550901,4.7887612687169625,7,6
SMILES_652,1,295.37555517475175,0.33211862399022474,5,3
SMILES_653,1,389.18040054025465,3.4794777388784657,14,4
SMILES_654,1,202.10884312258713,2.2437302534884926,14,3
SMILES_655,0,368.33599197791557,2.8777159903475313,11,3
SMILES_656,0,348.4690150827004,3.5215147253075045,3,4
SMILES_657,0,407.9291499601088,2.2691571538296715,2,6
SMILES_658,1,361.9580368414153,1.9864378812575822,5,7
SMILES_659,1,252.69310591184444,3.051228626232037,5,4
SMILES_660,0,469.6571501664491,1.3691310917057964,14,1
SMILES_661,1,334.147042697303,1.3712623066722218,2,5
SMILES_662,1,347.2695460490068,4.019059924434755,7,5
SMILES_663,0,256.6732040926804,1.2768089472620159,5,4
SMILES_664,0,305.67177488084894,3.9994687513638176,2,1
SMILES_665,0,261.5197285973099,3.693886939280927,2,7
SMILES_666,0,332.7053940076577,0.41128990681410493,14,5
SMILES_667,0,521.1708480142344,1.9836530214965173,2,1
SMILES_668,0,212.80988570686438,4.791164104571059,9,7
SMILES_669,0,188.64386021232588,1.5282517032904774,11,1
SMILES_670,0,497.1170327493609,2.3033936065359186,9,3
SMILES_671,1,329.0676322848134,3.693091339877845,3,5
SMILES_672,0,283.09272613400833,4.175085763923893,12,7
SMILES_673,1,453.99046873960765,2.6226916709332566,14,5
SMILES_674,1,289.4384460263136,2.1037347079625377,8,3
SMILES_675,1,532.6009713546936,5.133554792547762,9,4
SMILES_676,0,417.79258713392693,5.608349495696368,9,3
SMILES_677,0,301.20885918542973,4.468287076172693,12,5
SMILES_678,1,565.7308213265503,3.127977213847536,11,5
SMILES_679,1,289.42850769966617,1.7876014175386103,12,6
SMILES_680,1,424.2095372009307,1.754333390165152,14,7
SMILES_681,0,379.9292580406492,3.783771157898636,8,4
SMILES_682,0,480.1741289398798,3.6275973313330256,6,3
SMILES_683,1,506.15111967268524,5.1023978894196445,2,7
SMILES_684,1,353.20041490657667,3.975675138804209,13,0
SMILES_685,1,274.65821296538167,0.7453795473602727,10,7
SMILES_686,1,395.99721429391167,4.5779214265843775,14,0
SMILES_687,0,282.2284630247894,1.5029090590283807,8,4
SMILES_688,1,551.3387247526623,2.4240430920714724,3,3
SMILES_689,0,363.65353310827373,3.3753003093775416,7,3
SMILES_690,0,313.46784486878914,5.993501234675946,3,1
SMILES_691,1,368.46803058649084,7.664877834008041,2,5
SMILES_692,1,215.28737104703035,3.910084588704274,8,2
SMILES_693,0,252.83859614893484,2.7252050719194183,14,6
SMILES_694,0,470.0413907944425,3.8017584727208256,3,7
SMILES_695,1,284.3105721028604,4.331483138810754,14,4
SMILES_696,0,245.30890173180603,2.5189985616642123,3,2
SMILES_697,1,403.66527525272863,5.692817033868483,14,7
SMILES_698,0,468.5704154662997,3.345106138787103,12,2
SMILES_699,1,421.8953310665067,3.7466146336370914,6,4
SMILES_700,1,449.60476858058166,3.998886378081692,6,3
SMILES_701,0,274.3204911430539,3.6323799159216836,8,4
SMILES_702,0,207.81893332581564,4.258410750704419,2,7
SMILES_703,0,500.13336519554866,2.0741202201796147,9,2
SMILES_704,0,317.73201611578645,2.1625473690809542,4,5
SMILES_705,1,324.9166983544953,1.3497686505424578,5,6
SMILES_706,0,482.8194141849058,3.6592518459303394,10,6
SMILES_707,1,405.623000940066,4.168404755268171,5,5
SMILES_708,0,395.58877720816076,3.686659299227829,11,5
SMILES_709,1,566.5002344901084,5.5117386500213055,13,3
SMILES_710,1,285.6481769619857,2.9916059717564303,6,7
SMILES_711,1,442.7840128081237,4.003112483388769,8,0
SMILES_712,1,355.70131248970847,1.3624486857910285,5,4
SMILES_713,1,376.85922788632575,2.4193504462883983,2,6
SMILES_714,0,502.84684264125315,4.0433066363486665,10,5
SMILES_715,1,400.78357562896235,4.273653166114716,5,4
SMILES_716,1,403.82960790496327,2.5590495785037266,10,6
SMILES_717,1,457.25073373098024,2.8926011222129,7,5
SMILES_718,0,313.5047270457115,0.7231893799787859,2,7
SMILES_719,1,266.0790332660994,2.464456198790086,13,6
SMILES_720,1,245.51908059789665,4.335574745279679,4,3
SMILES_721,0,153.36434106239983,3.8628075241598494,12,0
SMILES_722,0,555.6207129940323,3.7509985820718144,3,0
SMILES_723,1,239.6791634278317,3.0746605307714403,10,5
SMILES_724,1,327.8746376414228,3.010594737942265,13,6
SMILES_725,1,322.31867001110794,2.0095182907898295,2,3
SMILES_726,0,380.7406697809101,4.048242630303802,14,1
SMILES_727,1,431.57372125392965,3.6314594165840846,10,4
SMILES_728,0,436.04734883597456,3.738028271989199,10,4
SMILES_729,0,291.69225614310614,2.2109477359986296,9,2
SMILES_730,0,333.28782862135887,-0.23001437980686656,9,3
SMILES_731,1,378.25799504882997,4.645729067630543,12,6
SMILES_732,1,325.13088738164527,2.2817438159873937,13,7
SMILES_733,1,510.73455760199926,1.705836353935319,2,7
SMILES_734,0,399.09749516382516,4.040218367870991,12,2
SMILES_735,1,423.48777860498177,2.4119810401213058,9,5
SMILES_736,0,416.28812686674127,4.589904576069933,11,6
SMILES_737,1,467.3473857485325,3.9255089243650465,4,2
SMILES_738,1,368.1021558703707,4.0253539848007165,12,0
SMILES_739,0,220.31680520441535,0.9510664331991986,8,4
SMILES_740,1,389.9687951752642,4.817915978079601,12,6
SMILES_741,0,284.8643106208171,3.391875796850784,2,2
SMILES_742,1,297.1383318250243,2.4460842911306955,2,0
SMILES_743,1,408.6364018755093,3.2150827010133765,11,3
SMILES_744,0,473.8283071433636,0.33564715065252004,14,2
SMILES_745,1,352.1271576736062,3.6129792172210062,6,5
SMILES_746,0,380.88330125989637,1.4559427377268928,6,5
SMILES_747,1,520.2214944635238,0.9709945712346983,9,5
SMILES_748,1,374.0753179488568,0.7164612206731633,8,6
SMILES_749,1,610.1683114180395,4.669032562484888,9,7
SMILES_750,0,406.5509645631544,2.056104909460817,7,7
SMILES_751,1,173.92372408441824,5.300591564874749,7,4
SMILES_752,1,425.33416211045324,2.1962978054215534,3,2
SMILES_753,0,388.1158384882778,0.4389630636105799,7,3
SMILES_754,0,478.97527540827457,1.3252133400770112,6,2
SMILES_755,1,417.31813512699586,4.853717430010408,14,4
SMILES_756,1,336.1544016016226,2.766152733094999,4,0
SMILES_757,1,227.57017637106344,2.1775690552640987,7,4
SMILES_758,1,329.09767427139747,3.2400273387791816,9,5
SMILES_759,1,264.94795457907003,3.7526741042513176,10,6
SMILES_760,0,291.9476550195277,4.676098223853691,2,0
SMILES_761,0,408.85784044206093,5.172748844839389,4,6
SMILES_762,0,516.9904504351406,2.4603470313163713,4,5
SMILES_763,1,389.4671529822981,1.0109284708769422,12,1
SMILES_764,0,230.41169379648156,2.379802258315086,9,4
SMILES_765,1,394.4602668220141,3.3904207598743294,2,4
SMILES_766,1,469.6631486645651,1.5543616106840836,6,3
SMILES_767,1,289.0217095680618,1.5642736276574356,4,2
SMILES_768,0,336.5982833327082,3.515681822324828,3,0
SMILES_769,1,351.46881947291973,2.927021472644323,9,7
SMILES_770,0,271.510168691776,3.04919549311738,4,6
SMILES_771,1,414.8280433843859,1.8622569979498957,8,0
SMILES_772,0,337.9051851392218,2.654398928691349,13,3
SMILES_773,0,391.95324439070276,1.6136502835975435,12,3
SMILES_774,1,261.25078221979,4.33529761668718,2,6
SMILES_775,0,306.254169967659,4.552874002085629,7,7
SMILES_776,0,422.23813578277714,0.23071820664285925,4,2
SMILES_777,1,312.7166847908233,1.605733709711385,9,6
SMILES_778,1,522.6963851233405,0.7552061173648814,7,6
SMILES_779,1,310.03638143853976,2.0249640983896526,13,5
SMILES_780,1,372.46847257518857,2.8748430453144587,3,7
SMILES_781,1,443.259083187309,0.8255321704522048,7,2
SMILES_782,0,208.16342670669684,1.6172102803120305,8,4
SMILES_783,0,173.91911880192242,1.4940639418777526,6,5
SMILES_784,0,197.4343685429905,3.3109009940984158,4,1
SMILES_785,1,476.2584103427182,3.104016505554376,5,7
SMILES_786,1,294.81418541075533,1.91739366999412,5,2
SMILES_787,1,605.8199285668252,3.265231308209097,7,3
SMILES_788,1,293.57524013426115,2.179979873119102,11,5
SMILES_789,1,368.4551303197037,2.5925173345109203,2,2
SMILES_790,0,504.21099525678756,5.510178135447806,12,0
SMILES_791,1,550.6092888159122,5.010691577685522,5,6
SMILES_792,1,556.1503576636397,1.0506281446086034,11,1
SMILES_793,1,470.83662305931426,4.244598626818762,14,4
SMILES_794,0,452.40625258114625,4.217094831737388,5,6
SMILES_795,1,409.2526949201183,1.2776050668710726,11,0
SMILES_796,1,427.83610761666375,4.228166465632291,2,0
SMILES_797,1,294.88142836714667,5.306897877618829,10,1
SMILES_798,1,268.18011165776926,1.3161827906333792,5,4
SMILES_799,1,349.6625542589048,1.6237457684786045,8,3
SMILES_800,1,332.98153774750716,4.5264922002652535,13,5
SMILES_801,0,304.67719506727246,3.407242966238472,4,7
SMILES_802,1,419.63874474567154,3.827214412859285,11,4
SMILES_803,1,445.5305208570511,3.510883824600745,13,7
SMILES_804,1,358.84068862918474,3.586043881392216,4,2
SMILES_805,1,497.75300810552613,1.0102918075333756,9,0
SMILES_806,1,235.83108858664949,4.570976559932173,9,2
SMILES_807,1,330.63405407202816,4.75438498864166,12,3
SMILES_808,1,278.3177679397195,2.6559138838979583,13,2
SMILES_809,0,163.346338292694,2.9347845752792066,2,4
SMILES_810,1,341.73193141573006,0.7033387461664161,11,2
SMILES_811,1,337.82524916167165,3.7713821340267524,3,3
SMILES_812,0,501.3449743242131,3.858086162571216,9,3
SMILES_813,1,413.0811684554778,2.9067134745010335,2,3
SMILES_814,1,247.5813175670795,4.686530039805754,13,4
SMILES_815,1,535.4092566334189,2.4988841535300894,9,3
SMILES_816,1,472.1033695525353,3.8469088888404004,9,0
SMILES_817,0,408.2097703468616,1.4705034919618267,3,6
SMILES_818,0,327.3515901150168,2.964671773688643,5,3
SMILES_819,0,254.05607632765205,2.7384686131457463,7,2
SMILES_820,1,312.7793223928947,3.337961883061412,13,5
SMILES_821,0,458.8748619704186,2.4457096067499626,12,2
SMILES_822,0,538.4586305934608,2.8027911064924984,10,5
SMILES_823,0,504.3243528272189,4.23907075716226,9,2
SMILES_824,1,301.1150578213726,2.344853644142674,13,4
SMILES_825,1,238.03825667109888,0.590134348891981,9,2
SMILES_826,0,364.0886246911204,5.624375856308131,8,4
SMILES_827,0,173.15606344371483,5.07218111803573,14,4
SMILES_828,1,382.31677141847814,1.061605957341572,10,3
SMILES_829,1,335.2397413701331,4.034561707867791,3,0
SMILES_830,0,303.3963498131758,2.2455378441729854,4,5
SMILES_831,1,190.52969327332045,3.3952308229965893,11,3
SMILES_832,0,401.36001065697167,3.4413361935202404,9,3
SMILES_833,0,296.7299160338089,2.648388299525517,7,6
SMILES_834,1,233.0083164289712,1.8243515016204053,11,4
SMILES_835,1,62.77377867183507,1.964188421525611,10,4
SMILES_836,1,347.2485094949364,1.6257121267781363,11,5
SMILES_837,0,527.2251596669744,1.752266687654333,5,2
SMILES_838,1,516.125921454787,2.899232564925967,9,2
SMILES_839,1,304.2903743413728,1.9263600163338723,11,7
SMILES_840,0,289.77879396382195,4.02307809856893,4,3
SMILES_841,1,396.8774256075024,5.230869233003891,4,7
SMILES_842,0,250.16145608117085,2.1299201379449357,9,1
SMILES_843,1,380.1791899819466,3.3591067508030656,6,1
SMILES_844,0,426.608027838469,3.749527665454401,4,7
SMILES_845,1,472.6933223884308,3.7080034063789116,11,2
SMILES_846,0,339.9845923520047,3.113932901874131,12,1
SMILES_847,1,329.6326249823034,4.114023627539583,2,6
SMILES_848,1,262.2017413243439,3.723373429020986,4,2
SMILES_849,1,267.311964596014,1.1435063665090532,13,4
SMILES_850,0,327.3521108098473,4.30373409658391,10,3
SMILES_851,1,386.7365506816178,4.330936255900113,6,0
SMILES_852,0,441.35846262332495,1.8550708437321277,13,3
SMILES_853,1,269.6821049319655,3.056906753171403,11,7
SMILES_854,0,499.2688568959522,4.024993489216604,3,2
SMILES_855,0,322.8876398957431,2.6860292706309576,8,7
SMILES_856,0,347.86327056515637,4.609467071649018,3,6
SMILES_857,1,275.2788320852177,6.545808741929041,5,2
SMILES_858,1,107.57597397270584,1.8210209510475264,13,3
SMILES_859,0,438.40453963610497,0.9284330952693377,8,6
SMILES_860,1,423.68438970924336,3.4557278934073135,5,6
SMILES_861,1,321.86724428817865,4.082343757689215,8,6
SMILES_862,1,356.6990717224872,2.6537004392328467,8,5
SMILES_863,1,401.59392177040996,5.179890994981552,2,2
SMILES_864,1,193.74541431134574,0.9920913004151268,7,1
SMILES_865,1,297.0947322653705,4.039377934547416,10,1
SMILES_866,0,429.4264679621827,2.09120876886166,3,2
SMILES_867,0,224.57105768307505,5.579066859310945,4,2
SMILES_868,1,379.3557932166629,5.988773029752178,11,5
SMILES_869,1,214.3418195376595,1.8500151183249782,6,1
SMILES_870,0,396.6429982433526,2.1756642961371297,10,2
SMILES_871,0,346.43585177025165,4.2893818304697025,5,2
SMILES_872,1,188.48681840944906,2.419304025315728,2,7
SMILES_873,1,466.47393544571713,2.931883173101643,5,5
SMILES_874,0,276.5408423201951,3.0380826308136153,7,5
SMILES_875,0,268.97475629856194,0.12049026570351551,6,3
SMILES_876,1,370.05691972309427,2.979243380858644,14,5
SMILES_877,1,464.86373494287153,1.965408338903739,2,0
SMILES_878,0,248.4178181021603,2.260315766400342,5,1
SMILES_879,0,356.16798498479716,5.1654480052032214,7,3
SMILES_880,0,392.88165003305727,1.1152396585811155,14,0
SMILES_881,1,419.3105607263144,4.219807780121966,11,2
SMILES_882,0,367.64415552772255,2.581555604502287,11,7
SMILES_883,0,313.2972160916678,2.5803597472562485,5,7
SMILES_884,1,267.24097793512806,4.185557844077567,10,2
SMILES_885,0,358.6143883046375,3.5100769418533355,6,3
SMILES_886,1,242.78609880143932,3.8559194958292964,9,5
SMILES_887,0,57.86495165053927,4.452276990799292,10,6
SMILES_888,0,393.6559804157668,2.503037425225016,11,7
SMILES_889,0,440.39348410861953,2.0816448982383746,6,6
SMILES_890,1,113.70675644581615,1.3722742101633028,7,2
SMILES_891,1,249.02692952900625,1.7618842050315673,2,6
SMILES_892,1,411.91542610051977,7.423641637963088,12,4
SMILES_893,0,555.7495469711698,4.86701937110518,13,3
SMILES_894,1,352.0793707675408,0.973388450687968,8,0
SMILES_895,0,277.19970587708656,1.0163130648846448,5,3
SMILES_896,0,331.710355889516,3.7227990925777372,12,1
SMILES_897,1,487.4876419148185,3.82089719606695,3,5
SMILES_898,0,285.40358208754645,3.8233257529760465,6,5
SMILES_899,0,270.08079933497464,2.6175663096694533,13,3
SMILES_900,0,301.72564778179674,2.8118186099956497,4,2
SMILES_901,0,254.66713917412878,3.491819286239036,7,2
SMILES_902,0,362.26703159947954,3.1288395094399957,9,4
SMILES_903,1,512.467845846956,-0.32895055912130267,8,4
SMILES_904,1,382.3079273116029,2.6553005541372094,4,5
SMILES_905,1,324.76464978737124,1.7228903486095297,9,4
SMILES_906,1,320.8188731084456,3.262817128362768,3,7
SMILES_907,0,193.6809191303343,7.477888503905115,11,7
SMILES_908,0,438.3109777147159,3.5512224982114566,10,0
SMILES_909,0,342.2162802987198,2.529705470741403,5,4
