smiles,half_life_obach,MW,LogP,RotBonds
SMILES_0,-2.252111534339802,410.2190040350797,3.872886037140035,2
SMILES_1,1.7539654748888585,147.6342711539275,2.3863528846492446,2
SMILES_2,0.057247429869566074,475.29074855585935,4.998655362770631,3
SMILES_3,0.7534345125689893,699.5257712048235,-0.31878104148462966,1
SMILES_4,-1.3054924115676727,346.83489949852054,3.709630282262831,11
SMILES_5,1.0349124526647027,350.11002293698965,1.2718144302518872,11
SMILES_6,0.7183654601332274,296.26512564910615,5.250954295355046,4
SMILES_7,-0.41156376595290994,170.16604137729905,4.385314357736364,11
SMILES_8,-0.9822495236848805,390.36830218339634,0.44716260271030533,7
SMILES_9,0.1700654277739352,289.60956334018425,1.1934142206111886,11
SMILES_10,-0.9274924551604558,386.68772098130967,0.0278791989085587,6
SMILES_11,0.6182630655855471,390.0491127818755,4.012963688493346,8
SMILES_12,1.2436805147216459,558.895160231241,3.5239091792380894,11
SMILES_13,-1.6051100276777956,305.7860179591779,4.252223193980141,2
SMILES_14,-0.5081636174633315,213.35122629937183,-1.4649801829834954,3
SMILES_15,2.428931325917263,381.2683765655073,1.4877705957100802,7
SMILES_16,1.2324684699296022,339.21769565245586,3.975453344913698,9
SMILES_17,-1.201407919158784,555.8482698571477,4.8417778325835155,10
SMILES_18,-0.08933545488407173,441.5580950526311,2.2428142921821186,2
SMILES_19,-1.6709343188569743,335.4415290610945,3.2599146776234806,0
SMILES_20,1.8726740773655823,462.3290251012805,4.052055538733051,1
SMILES_21,0.48124544224476146,472.6672947092575,5.272910753788272,9
SMILES_22,0.6572517566154376,246.46325141049806,0.31116973533911757,9
SMILES_23,1.931377233014236,399.56162716576813,2.460196566365428,7
SMILES_24,0.2237692807517651,594.131687057259,0.36437430896735357,11
SMILES_25,0.8287919931171469,186.51177221773438,3.5356999796503974,6
SMILES_26,1.8065176370239475,267.30306707544537,0.4839174106315455,3
SMILES_27,-0.48104834116149586,327.6915360730098,2.799318960295104,7
SMILES_28,-0.9964108491224477,406.78598920506624,2.9865748205537734,2
SMILES_29,2.65250464920838,385.8903102658981,1.5046140448170315,0
SMILES_30,-0.3871721514958697,372.9019262591115,4.4027423647554835,3
SMILES_31,-2.3335030473589824,328.1191046796286,3.1753778483849833,5
SMILES_32,-0.3653849279505758,384.4399992261492,2.875048281017959,5
SMILES_33,-0.3115245543108066,505.69442007139077,1.691383250063955,3
SMILES_34,2.9235612078845565,538.074111626861,2.484340848035717,7
SMILES_35,1.1601721660721314,469.2466233893152,1.3464501964723394,8
SMILES_36,0.24501563073152421,483.5467744082064,2.298645863132455,1
SMILES_37,-0.3278794466669977,359.60326281024913,2.8188762115924986,2
SMILES_38,1.3195873863276748,637.8698056675036,6.948707360085802,11
SMILES_39,1.7621215508847194,191.5348007562291,2.6777193099807506,7
SMILES_40,1.09657200922121,378.01162599590776,1.6629833153719105,0
SMILES_41,1.6051693651867884,433.2675359500203,0.7420036933875903,0
SMILES_42,2.3602002294936253,358.18067568179015,3.8229366435358707,6
SMILES_43,0.6125972625522533,472.55576859685493,1.1267136617481701,9
SMILES_44,-0.10894190974751353,332.77332323569965,3.4088897910379177,6
SMILES_45,-0.015454518561926658,491.9683497481003,5.0129963474018115,6
SMILES_46,2.0034983112704516,363.90015665814605,4.014489218712498,4
SMILES_47,1.3756264499942201,308.1386126083939,1.30262392114192,11
SMILES_48,0.6785778094819415,294.38621697616406,3.1804578019444576,6
SMILES_49,-0.14935194976376304,381.88632700368777,4.866398249445709,8
SMILES_50,-0.4701220206583218,285.01797908529403,3.3403332867796083,5
SMILES_51,0.5007521493637711,35.82772879608,2.471896838332187,5
SMILES_52,-0.6982600745144937,143.51446705886752,4.230845152632188,2
SMILES_53,0.22691773428767043,296.00433754769654,3.6065000900575415,6
SMILES_54,1.9317373177409234,312.3434927220107,3.0161625780656682,5
SMILES_55,0.3430413831951851,488.092248460067,3.8864128650992735,11
SMILES_56,0.21446888034321512,388.9269706368798,3.2648300917352784,4
SMILES_57,0.671131450958215,365.00400067406633,2.06370176469763,2
SMILES_58,1.659358050361127,269.149792412117,3.1141042207935516,2
SMILES_59,2.663833685889941,664.4515423402161,2.386189243392232,5
SMILES_60,-0.8887459930689374,351.9291973523792,4.643497366175371,5
SMILES_61,1.9435748006216294,453.7707157754408,2.3647896548308265,4
SMILES_62,1.4617603140524817,352.8758981384256,2.369810704351802,2
SMILES_63,-0.9810593468614823,414.7545783197198,4.114847482276237,11
SMILES_64,-0.6723893032853131,193.63714173391529,2.4269388917648578,1
SMILES_65,1.6481109681601034,393.14586568170427,2.9530267237232075,3
SMILES_66,1.1648645620927507,361.0636008958879,2.2539038054839913,3
SMILES_67,-1.580674815376217,362.80221617777164,1.5488636774114894,9
SMILES_68,-0.4971670495111678,470.5157952432355,2.3234132257624234,1
SMILES_69,1.139876584117407,175.64244874416443,1.817971274483226,11
SMILES_70,1.6142159614379266,298.3301434978928,7.191763594364981,8
SMILES_71,0.9782745775849236,122.62670148921987,2.357494193402849,10
SMILES_72,-2.0222808146074693,321.10176582861845,2.03812615625833,10
SMILES_73,-0.36465897812214315,470.799859802755,4.187061803371073,2
SMILES_74,-0.6741541111071226,458.88527105024787,4.103062633682328,0
SMILES_75,1.3305508231000527,325.8725082178401,1.3496506722951533,11
SMILES_76,-0.059772517073135405,372.9144524863525,3.167444732310185,4
SMILES_77,1.1409273272109894,309.8435291510398,2.3770527997247086,9
SMILES_78,0.7059999694948835,354.9549120519347,3.2562817282980188,2
SMILES_79,-0.9028196603370181,472.30600120706424,2.375323519712085,5
SMILES_80,1.5591461621949354,538.573148843345,-0.5005162225561637,0
SMILES_81,1.8976167250087173,429.08802779410746,3.6793812297355184,9
SMILES_82,1.6205668604755694,342.67610084703875,3.521362947326902,3
SMILES_83,0.7599468178231222,542.8200549543245,0.8260706155624761,0
SMILES_84,0.38772236507180435,414.531638507724,4.392763790817533,0
SMILES_85,-0.2334161273015155,320.6474345619172,4.393480868803743,9
SMILES_86,2.0190889531628384,335.15169287991415,4.720970102340002,7
SMILES_87,2.4419847247197235,303.21783721193725,0.3221064175774917,9
SMILES_88,-0.2905826235854564,431.5764957834885,4.1508992322368075,10
SMILES_89,-0.8063654637033566,384.7326729881908,1.4478291277793256,3
SMILES_90,-0.7510682849347216,373.77285122057384,0.8441470053217469,9
SMILES_91,-0.6553076943650369,286.3219395485522,1.9775632026314478,2
SMILES_92,0.8951442799575425,567.6932342699598,2.4345251296414534,5
SMILES_93,-1.080309271856541,334.91471862078777,1.9791623675170238,10
SMILES_94,-0.1721940779442152,476.9487527906358,4.697778656305741,9
SMILES_95,-0.13840838219623153,239.86347088914383,1.142896996526056,8
SMILES_96,0.7084339066713295,409.1318210594395,4.3559133895450275,5
SMILES_97,0.2538013393196881,281.34808551736387,2.1123572997372198,0
SMILES_98,1.037337042134957,410.0064759946837,2.9507560580993895,7
SMILES_99,0.3612479750469379,261.6720175198125,2.3554987450456,0
SMILES_100,0.7406028974730913,220.47251569139127,1.5073443113170497,2
SMILES_101,2.818926463277264,244.69441469047078,1.470529337193663,8
SMILES_102,0.6638236900102001,176.82679742430778,0.702699114203659,3
SMILES_103,0.8223613315517063,270.6651445879539,0.5600316875467922,7
SMILES_104,3.4062528451894036,438.82007058795716,2.5233351987584047,8
SMILES_105,0.31982067910118095,266.6665461271406,4.996979465990604,7
SMILES_106,2.261936423247696,279.10345060908514,1.0109750977301581,5
SMILES_107,1.9752512066032766,386.20739218982686,3.081181183271939,8
SMILES_108,-0.6258809193857843,140.17144169159002,2.562223520113029,10
SMILES_109,0.6780406319980893,424.721776584966,4.867338350122791,5
SMILES_110,1.2678829651554615,342.49074047468616,3.5609391035354307,4
SMILES_111,1.629491367576837,397.1885250992203,1.7600366673133432,7
SMILES_112,-0.4467582780050976,338.8587864160595,0.8963931850507284,3
SMILES_113,-0.45048190228712887,319.58373600920635,-0.28380712418449006,2
SMILES_114,1.567852673208521,450.36329176555756,1.5805782113199107,3
SMILES_115,-0.7133999658941689,346.9782627759655,6.2587009870929515,11
SMILES_116,0.11011667601332861,417.31988246402216,1.8600560527582009,8
SMILES_117,-1.2110063294372508,460.215604312346,-0.21861431422564903,3
SMILES_118,-0.496958204846602,218.7963462068816,0.16216322165510066,6
SMILES_119,0.2068845082694052,273.410294072922,5.333829729434525,0
SMILES_120,0.3318571139571557,258.71751204719436,2.0855621552775747,11
SMILES_121,0.6713887715053353,311.8869572564935,3.444902819982011,5
SMILES_122,0.34197334693900844,368.2168316630241,3.2991447033890258,7
SMILES_123,1.589367433144277,252.1094602572123,1.7922981485280798,6
SMILES_124,1.9946394851953022,261.11980365943714,2.043807892380335,4
SMILES_125,-0.3374695395365982,311.1696178593902,1.2982708838617334,3
SMILES_126,-1.5088041825011569,449.5886777672768,-0.1235711004882276,1
SMILES_127,1.0027447057206251,292.85174503436025,4.4389816053626525,0
SMILES_128,1.7257558169516687,360.39296045966876,4.082738815952785,0
SMILES_129,-0.4313987432649165,317.1612024362451,2.769418889486084,4
SMILES_130,0.13206550665308803,337.78779611641704,2.9215819670024685,8
SMILES_131,1.6636914499667406,276.8200692880057,4.3787096467384155,6
SMILES_132,1.8303065670993772,81.65075380191185,-0.8571525843032756,1
SMILES_133,1.0634956365842114,279.3033884769545,3.6286174801800617,5
SMILES_134,0.5450667478009497,374.75186810483063,4.449344215225453,9
SMILES_135,-0.08180547171695285,357.1792484367889,5.82516287586024,6
SMILES_136,0.766872117531604,426.5055706785335,4.283956805755713,7
SMILES_137,0.6038990442292594,187.8152635621976,5.352515014888196,10
SMILES_138,1.2963285094884966,390.91686929651945,2.4497214509545135,8
SMILES_139,0.9844256805379843,289.38214582557237,2.8274437077734795,2
SMILES_140,-1.1582994845778976,265.52441125774914,1.5083897311809742,11
SMILES_141,0.3290677460874795,407.44541396037744,1.8265006157185033,1
SMILES_142,2.067464092225848,437.10226296801125,4.311301196971887,6
SMILES_143,-2.380119609320974,476.174945938591,3.4951899478751014,7
SMILES_144,-1.114963462021343,410.8882214816947,3.6441024239431363,8
SMILES_145,-0.7048936368177275,338.54572194247754,0.3440433120845985,9
SMILES_146,1.2956058714535257,188.29030699208295,3.5993495779735167,11
SMILES_147,-0.09891629172859535,486.5759606522841,4.9925542581219515,4
SMILES_148,0.6401189326884864,375.01527729437504,3.517854401340217,8
SMILES_149,1.0930449506901765,248.38672137472153,1.2675886752075531,0
SMILES_150,1.0853478351372783,373.5335754651883,2.743675824915196,8
SMILES_151,-0.29414115514436007,188.98346516486018,5.076834504212502,9
SMILES_152,0.12138564126095118,498.7127945244247,3.3019793097608963,4
SMILES_153,0.26117098973277364,306.30905195348515,4.8338469780483795,1
SMILES_154,2.4865190248058813,228.70382663150815,5.872705658790145,5
SMILES_155,0.24478824011802072,491.862586909986,2.5098561648142153,0
SMILES_156,1.2402402776387127,204.75251752255616,1.1051153745464775,6
SMILES_157,1.358976791968835,347.08915289119517,2.0117259624218335,6
SMILES_158,1.8145790580288341,364.67565088460026,5.896396129871051,11
SMILES_159,1.5586472125956987,206.26819613445275,4.149218956521056,9
SMILES_160,0.5677545265409493,305.65247001450365,3.2024484808834877,7
SMILES_161,1.0928382878005336,142.08103406239974,4.536667808069906,0
SMILES_162,3.48927472775847,302.4940253377622,2.09273045780224,1
SMILES_163,-0.3861049916521379,144.52263303870006,2.2940694253813168,10
SMILES_164,-0.1057918477549202,448.01235103252975,1.6855578618398261,0
SMILES_165,-0.8800415061970301,280.87669810251225,6.291055374610623,7
SMILES_166,0.7241594890316383,217.11114515564728,3.112834913867562,11
SMILES_167,-0.05581467471735879,372.6977758135499,2.645767163103139,7
SMILES_168,-0.7721397356325735,156.8288506124046,3.1621540958603176,11
SMILES_169,0.5090535215949294,268.61899047291445,2.665037607135004,2
SMILES_170,-1.1410939820494088,429.8099303368284,1.44051622148117,9
SMILES_171,2.0090913399871915,195.5498834880823,4.536693874970848,11
SMILES_172,1.7486721119636568,319.03395186732695,0.11597951668884934,1
SMILES_173,2.6188702619765913,257.98315065157567,3.145940258230735,8
SMILES_174,3.6860276970532833,120.5456407559605,3.820224824367036,4
SMILES_175,-1.454249955918318,221.85087369936772,0.3672714140975945,8
SMILES_176,0.30675842776372647,272.4584166935781,3.547443824761734,1
SMILES_177,2.0508924037795713,376.042879344169,2.0887495956874202,5
SMILES_178,2.023373057545725,501.16835392322855,0.182653046923495,10
SMILES_179,1.5318503020773437,347.4436393917258,3.1021178150793633,0
SMILES_180,-0.7562890907614725,361.672562662307,4.2873033081673695,6
SMILES_181,0.8363245383280138,432.83412343741634,7.775846111504253,3
SMILES_182,1.7713202513168216,396.478980123365,2.174067242800406,6
SMILES_183,0.0865481765849463,276.12005848626427,3.595141558588368,8
SMILES_184,-0.41541964661211067,286.21068978606905,4.291920133277584,0
SMILES_185,0.16951063962545257,412.2397995482096,3.02399205551839,0
SMILES_186,-0.17979995404456506,404.2428124530504,3.971259707156806,10
SMILES_187,0.8267142673995808,372.36478319070306,2.117380993755583,6
SMILES_188,-1.2227508260526976,281.10621189895886,2.51449392040459,9
SMILES_189,2.469929636096699,528.5679270123844,0.7917429679620721,10
SMILES_190,-0.17634819188608877,261.689631032277,2.2020140124060275,11
SMILES_191,-0.7161882950895013,337.97787813213165,0.16316684503061193,1
SMILES_192,0.017589663475970015,504.70984271870867,0.31253969022149986,7
SMILES_193,0.8239577488288489,363.34784984829463,4.212793645429087,3
SMILES_194,-1.367864068119928,343.2356880404313,0.7316397039043722,6
SMILES_195,-0.18770738068732587,382.14321325920497,4.298379133521235,9
SMILES_196,0.4246046156513184,279.2579032998496,2.546499460315686,1
SMILES_197,-0.3087499302400086,339.73075223622794,2.5500823548979015,7
SMILES_198,-0.6540760674456719,431.2273192585397,1.6146202801235863,5
SMILES_199,1.636974345741937,453.1458976757693,2.751161007440817,0
SMILES_200,1.6119706988202878,525.5252316658979,5.266203100317352,8
SMILES_201,1.593271262207295,268.58113523080493,1.6422339630280458,10
SMILES_202,1.1796871568993061,494.95690777637225,2.2450874272246084,1
SMILES_203,-0.9266826724179672,416.29684227495386,4.060529549604001,3
SMILES_204,0.4717838287966789,468.9814302194123,0.9495937454790035,8
SMILES_205,2.12577494913517,203.37650124697626,0.8004916316124153,7
SMILES_206,-0.9538582688985449,267.2797699059163,2.7227610048896596,7
SMILES_207,-0.6828579376003556,375.3752850113454,4.7188619939335466,3
SMILES_208,0.8237338544912034,427.6410594636499,2.6602289412031044,0
SMILES_209,1.412509489935942,302.7844985717344,2.3599215479778057,9
SMILES_210,1.317336906734655,309.0883620595857,2.7455995608567787,3
SMILES_211,0.8858059191063304,233.18957330257683,2.6560011419199347,2
SMILES_212,-0.7035806034998551,294.89643993260637,1.764267360640202,10
SMILES_213,1.088403839296666,307.9214189539412,4.288978070325475,2
SMILES_214,-0.24323317776406028,308.5922747757233,3.1591929840527344,0
SMILES_215,0.9090658838090283,250.98058994260325,1.981584672214782,8
SMILES_216,0.35357267324065983,561.3508591992877,2.902055620535917,2
SMILES_217,0.12224968062581063,462.27794584395525,2.2789621380250566,3
SMILES_218,3.2963735971841603,423.1873774196478,0.5266550787359808,0
SMILES_219,-0.9218789270515412,476.08396737065834,6.2686180200647,2
SMILES_220,-0.38480152632209863,413.64683914213583,3.0110893936441885,0
SMILES_221,1.7823412320384124,595.8422185912265,1.2039524414747809,3
SMILES_222,2.590405626593151,261.4401895884663,0.9662745736949018,9
SMILES_223,1.3031236541202436,98.86398144331393,0.4227019011394756,11
SMILES_224,0.22685513140174743,252.613684552854,1.623267647193464,6
SMILES_225,-0.4485070322148497,143.92681614495203,0.902514262051826,9
SMILES_226,1.5349690363290014,214.55457322198694,2.4514138330745543,10
SMILES_227,0.49049972672788733,282.8778174480138,5.425367983243303,7
SMILES_228,-0.12649320142910442,334.2967698088969,1.677044288409078,7
SMILES_229,1.7841121718691975,467.52275720790203,8.023626839494508,0
SMILES_230,0.31996533252432857,533.7351317369113,3.848242011549003,10
SMILES_231,-1.0757344404075107,382.49771398060136,6.312809316309527,5
SMILES_232,0.6429339858797873,215.86493982953624,0.7276871028412008,7
SMILES_233,0.08467831306583996,294.2145244421507,1.679190533313921,9
SMILES_234,-0.6962378882852237,317.7061971752386,1.7641105428536998,9
SMILES_235,0.8682001770914322,303.0011801903558,2.677885769573999,7
SMILES_236,1.0425594078392644,201.96567562115644,3.8883141476264953,8
SMILES_237,-2.523746872212131,491.24957362524214,0.36278918380740993,7
SMILES_238,1.8096088761916056,180.3019295040002,4.191579072521213,4
SMILES_239,1.7057378438013415,291.60629034360625,1.6790362479107068,0
SMILES_240,0.3614441693949991,364.93200520475665,5.717415561750328,8
SMILES_241,-0.44823329680070634,368.90539668264034,3.364839637012391,9
SMILES_242,1.1494233079051341,305.3149839381047,4.805810151231154,9
SMILES_243,0.5030928062237694,383.70961179416724,2.0703940352333334,9
SMILES_244,-0.138346071110877,232.94694562006995,3.6787005419604943,9
SMILES_245,-0.11209257132029007,338.95789929587505,2.046704815817336,4
SMILES_246,0.7130165368989545,207.18216196047376,3.774661668547328,6
SMILES_247,2.093278594314168,253.22522054137585,3.1820803171470895,11
SMILES_248,-1.078639178783424,457.31795942002833,5.252373382294287,11
SMILES_249,0.8726349876287945,324.6080700168839,4.304060518027727,6
SMILES_250,-0.5648881178885135,329.44707430831016,3.560719625989132,10
SMILES_251,0.8817146931994824,295.91440082566004,3.1042726470656197,3
SMILES_252,1.1911998583469652,275.9301162251646,2.9229647501827825,7
SMILES_253,-0.9811658011619531,352.42283283130365,0.41774977816669046,10
SMILES_254,1.1866978058872344,596.2229611359129,0.9916327187772841,9
SMILES_255,0.8101489080080556,194.43869768559622,1.354285900448486,8
SMILES_256,2.0648416796563414,242.21447276790798,5.453728452192278,11
SMILES_257,0.526444389577402,246.15315993793067,1.9479949430463654,3
SMILES_258,0.8428285186044904,105.18773714414098,2.0813665265491217,1
SMILES_259,1.013073564679297,336.6440638461638,3.776049851918438,9
SMILES_260,2.2026708328277427,325.8748317346771,1.3316101878841358,3
SMILES_261,-1.680497477755324,280.36924216332034,5.059687169349626,1
SMILES_262,-1.366283527945297,421.493370537104,-1.2924253518150384,11
SMILES_263,0.3768018530476269,299.84296300514177,4.775667925911579,0
SMILES_264,0.9359510238896169,331.130926395348,5.769766170253659,0
SMILES_265,-1.4869642945316424,367.81687715239326,3.3482615630987524,10
SMILES_266,0.42458650323851194,310.0837607264101,1.687566083376374,3
SMILES_267,-0.4044116634568835,536.8038371227855,4.319607227276571,8
SMILES_268,-1.0519933202060667,306.1258727377345,1.608531217082646,8
SMILES_269,0.29191803551581086,421.5359006723636,6.17842394762282,6
SMILES_270,1.354309894737904,341.85956445720086,3.7078283807953287,4
SMILES_271,2.7202192263911735,347.0380032843392,1.3337629553692256,5
SMILES_272,3.0373852805977193,445.77506463757027,4.126584695594632,0
SMILES_273,1.9936868286636729,315.7588225160626,1.1468274730028505,2
SMILES_274,0.8880783833504852,344.07487792036164,1.5351277968555674,0
SMILES_275,0.3700888292312977,377.3178513789522,4.037000519598011,9
SMILES_276,0.6789527348321286,285.0263448341437,1.6765436047589406,4
SMILES_277,0.6777421629401503,404.2837559501916,2.997900263712011,3
SMILES_278,1.842916313345605,515.934941894103,3.7254317669196033,2
SMILES_279,2.4197218700586527,255.9854601678788,1.723194196240433,5
SMILES_280,-0.8975631040300205,279.4689528967447,1.9283323596437552,5
SMILES_281,0.1433237256348505,235.36433661504134,5.548162813070488,8
SMILES_282,1.649035160854914,548.8942834121774,3.890224934986574,3
SMILES_283,0.34779206926950645,416.3918664092476,2.7833417776505534,8
SMILES_284,0.004726946568308851,208.3762131285799,2.6633208599342235,3
SMILES_285,1.8909256271511456,185.47059141705276,0.8908817360319461,7
SMILES_286,-0.11031942761923286,419.31348134635135,3.5644524774187043,7
SMILES_287,1.2891860777578557,606.5150469874716,2.9793168800044065,1
SMILES_288,0.11865808057902576,343.24893459899107,4.266996706464486,9
SMILES_289,3.1601293012455183,187.1994304000921,-0.5558748080908185,11
SMILES_290,2.001874611276212,169.56163571295406,2.4789824796845923,7
SMILES_291,0.10366122873530274,310.6235486413178,2.6601221717728407,1
SMILES_292,0.8329796021435206,195.93682010562108,3.3417056033110626,10
SMILES_293,1.2042112041624897,322.08105263833704,3.1721093090743286,7
SMILES_294,-0.002470926144527467,406.73401586677926,3.642016044080901,5
SMILES_295,0.12158779793568956,379.17649200205096,2.4870691531653812,2
SMILES_296,1.5067509628774758,398.49824058068447,0.8038507828973632,11
SMILES_297,0.49343516362961354,377.66992747356085,0.46528958118774394,10
SMILES_298,-1.18634599809811,430.03455039665204,2.7010749102482086,6
SMILES_299,1.1774230454679002,322.169504855662,7.597383329984421,11
SMILES_300,1.6570857484230865,361.0893957857306,3.732704593379681,5
SMILES_301,0.10793028155790602,493.1780468876806,6.863468766892125,2
SMILES_302,-0.4276448734267127,437.2174177980434,3.9118309048093405,4
SMILES_303,2.0941741172748887,211.27930603118932,1.1144580295198236,3
SMILES_304,0.685136814693705,261.44551719501834,2.5949886177487773,5
SMILES_305,0.4042252341241969,209.72120586335438,6.855108579820149,0
SMILES_306,0.4015557585531183,327.8085485050311,4.0401033905378085,0
SMILES_307,2.246219489226865,-11.87970684429558,3.992486811419299,7
SMILES_308,0.8143730397335905,414.91988197365043,1.692246907322826,7
SMILES_309,1.0313883758590052,245.87048885382828,2.809115537993878,11
SMILES_310,0.3126620130863271,153.57474541131808,1.0878346870536981,8
SMILES_311,0.5181916844750931,586.5714447065737,2.103829954478833,7
SMILES_312,0.11972473220820982,270.71119123849945,3.05451347357506,1
SMILES_313,1.0873530058458827,160.00960110352173,1.813842844456683,10
SMILES_314,-0.8330254323459201,286.6004125856582,4.331022550967681,4
SMILES_315,0.7804724539780564,523.0522099391886,1.8753253814173931,7
SMILES_316,0.06058283996476181,-18.137215570923793,3.313915059167994,8
SMILES_317,-0.11644602328247788,459.3769139575548,4.380620089583111,5
SMILES_318,1.0354795579612546,155.14198066067985,6.123533318160049,3
SMILES_319,0.5007541367630364,401.5404261162913,3.3853776081475138,8
SMILES_320,-0.6919148928154911,226.7800366913127,1.1576029726573247,11
SMILES_321,-0.5618005400875686,353.2738311244739,2.775449986811425,3
SMILES_322,0.7410186565873779,294.5369438379378,5.93624381323413,5
SMILES_323,-0.43909548485390587,384.4095305207744,4.320120129004071,11
SMILES_324,-1.4886073283307795,412.9699191517594,3.108312062111145,4
SMILES_325,1.4885071380826953,405.1201926700906,3.718606246003187,0
SMILES_326,-0.9853598869473437,269.4738139567478,3.2473682416712406,3
SMILES_327,0.07241919831988472,379.60002795962384,0.7585351751204034,9
SMILES_328,-0.5995890704455827,451.8979596431059,3.1286463056665808,2
SMILES_329,-0.6312833515898619,323.77452969028167,1.6864034589385617,7
SMILES_330,0.9081705830682971,368.3731440579514,1.9268883613969525,6
SMILES_331,-0.28664541645014235,225.31755549006593,2.346381588162987,9
SMILES_332,0.23194134522688836,381.3133450550566,-0.5268692383568119,0
SMILES_333,-1.6741257774320386,279.3736476812895,2.5317393548551093,10
SMILES_334,2.5996959513800553,327.0138301966559,0.11281321062536914,7
SMILES_335,0.9297690016193996,348.36577498317644,4.139481577997593,6
SMILES_336,2.1756123200305484,371.6520539709156,-0.482725007998366,11
SMILES_337,2.0330454528772828,304.2939576869559,0.024341628622053715,1
SMILES_338,1.925108325025065,532.1654147114018,-0.21061744304769014,9
SMILES_339,0.2028467467477134,243.61020501288561,3.299391315250539,11
SMILES_340,0.5550259283097082,174.54512337381678,2.790399801064201,3
SMILES_341,-0.6956587996627225,210.26186605198657,5.530655838989728,1
SMILES_342,0.6055576812329166,237.434076255604,3.49139391854405,8
SMILES_343,-0.9931783548061914,350.3368910747538,-0.016578163909834465,7
SMILES_344,2.1951455245183586,547.8182900636311,1.4535097308414244,0
SMILES_345,1.5761436611956863,391.6669535875089,3.1085692325362833,0
SMILES_346,1.2474253323263587,320.5903314058808,3.3303793213415998,7
SMILES_347,-0.1736859836596964,272.3553716242255,-0.06366741475263564,4
SMILES_348,1.9017290126176263,477.4616071615227,4.243133221893347,0
SMILES_349,-1.3970662716253313,228.3818098740748,1.413941627336335,10
SMILES_350,0.3733108238253018,174.57846746887816,1.4463031153676675,3
SMILES_351,0.6837731669925738,251.63715205037408,4.517547250491917,1
SMILES_352,2.4549144765935544,289.8144005219558,2.8170958891963824,8
SMILES_353,-1.05512924988683,413.12630538364414,3.3436827158578137,9
SMILES_354,2.1270175973186993,437.4236725818877,3.645639083134003,5
SMILES_355,1.8890365283673372,406.6650116691049,0.30835922290428364,10
SMILES_356,1.9537631487789149,103.45248901090517,3.199383688360792,8
SMILES_357,-0.18811469045975598,349.7761942693575,5.879731365993954,0
SMILES_358,1.0395250653417223,353.98121347080524,2.46552981778704,0
SMILES_359,1.5832283598846009,393.2535588017723,3.400565519055515,10
SMILES_360,0.8530156508581047,181.73414998433168,6.8660691291482125,3
SMILES_361,0.9282314593398305,302.2415079371357,5.270640346860722,1
SMILES_362,1.083288764455745,299.2038672535859,2.0976109802588963,0
SMILES_363,-0.2649470150309287,447.19743176776745,3.5855111433613227,5
SMILES_364,-0.2838407467251535,351.7466314188664,4.005993501219268,7
SMILES_365,1.4315701551901,272.72558033648824,6.252278895692208,0
SMILES_366,-0.2222411517963584,147.13856673154493,1.339436956654247,10
SMILES_367,0.8981072346583873,198.88438229435073,7.709283489474106,10
SMILES_368,-1.0380005010414208,411.2330521317271,3.262830225548018,9
SMILES_369,0.24356615158415781,103.9425705722434,2.2994529822100325,9
SMILES_370,2.307670194008336,132.52698301893574,3.794601341560311,5
SMILES_371,0.7607403002374452,432.4761085790653,2.2193198685743263,0
SMILES_372,1.930627094216514,418.7387469272835,2.264296175669405,7
SMILES_373,2.5189223210791476,198.461126280827,1.8896088761542278,5
SMILES_374,1.5863625876881151,317.487137849368,1.927273115134375,0
SMILES_375,1.0262657182648123,507.63270187611585,0.10044234017928598,8
SMILES_376,0.37787147006176053,352.7311469279238,0.1879333812406845,0
SMILES_377,0.24418708002198838,387.2048435962208,1.5148492210350843,8
SMILES_378,0.1148400840871216,511.9654353195027,3.229612661867463,2
SMILES_379,1.8216005249583662,548.6220353305562,1.6409593358140315,7
SMILES_380,0.7619386883016426,350.23788619384936,6.185723009288356,7
SMILES_381,1.5293906591290038,505.5916825185698,3.8211051732375356,6
SMILES_382,2.4785662071190897,445.20122294346226,1.727054903988116,11
SMILES_383,2.819881403268198,295.5607484855868,5.690103398231873,1
SMILES_384,1.3397158285534896,390.0431444272845,2.45465564263137,2
SMILES_385,1.334395150726902,150.5551095288106,2.4417912755576157,4
SMILES_386,0.26008923612482143,411.5430814140942,3.8276712584304704,4
SMILES_387,1.6300630660791506,289.13200436625823,2.681835416547397,1
SMILES_388,-0.5171230318600138,259.0263272114191,2.9569059807160665,0
SMILES_389,0.6202487488349271,460.45208824123233,3.8755736634942353,4
SMILES_390,-0.7198902967816336,234.8266191356913,0.9742599584877042,4
SMILES_391,-1.0490038557568258,388.2928095747125,2.6290188632906593,11
SMILES_392,0.886644354107199,449.8878664464657,1.2975121204216449,2
SMILES_393,-0.6729911108276522,297.0302214807054,3.3590093257277,7
SMILES_394,-0.14334425974170378,366.77328954377464,0.5423273659850196,5
SMILES_395,1.0233864560029715,263.5877182886538,5.319658072127234,1
SMILES_396,1.648820283054561,245.4369467826162,1.8530774046135616,1
SMILES_397,2.8678298293883557,322.4127128854168,2.2662764690899007,3
SMILES_398,-1.765708922823582,695.7360607823941,2.6162912886764937,5
SMILES_399,-0.5318451832627911,545.9705879832742,1.2545690604193989,11
SMILES_400,-1.7582578304513459,289.6072992606281,3.171797718020367,8
SMILES_401,-1.0217162678608511,333.44262456851334,4.575022432017506,7
SMILES_402,1.129589388082618,302.69903010196305,2.272033905234712,7
SMILES_403,0.46511444184192924,204.4774272345577,2.121021550006915,1
SMILES_404,-1.4222860266223198,266.08339633527095,3.830070767686878,10
SMILES_405,0.8980372200457055,294.92991949493126,3.7323077313200743,3
SMILES_406,2.356087167399976,75.8782034045357,2.9989905175453853,5
SMILES_407,-0.7628702565958383,315.1082394153627,4.747505061667889,5
SMILES_408,1.0060781225778297,427.40724232153707,3.4610709359370175,11
SMILES_409,2.4176754039250063,561.2740124380492,5.638384939269627,9
SMILES_410,-0.559170077748172,406.98026812671094,2.315515002346211,5
SMILES_411,0.4000123640443466,249.72365435206657,0.9718197313935272,7
SMILES_412,-1.264697090864226,239.70270703456598,5.025780691140378,7
SMILES_413,2.1242235002843803,340.1216181247158,-0.021873786045165013,6
SMILES_414,1.0010200851906415,353.6529594700166,1.4489384530363145,4
SMILES_415,-0.2301691638465395,336.0858291807519,1.2251052364039228,5
SMILES_416,0.27693762900157537,477.2799592244315,2.8977419759660155,5
SMILES_417,1.6243372606510986,397.12217748783434,2.6765172835069135,2
SMILES_418,-1.4192127968993662,402.32328654153014,4.740691223823807,10
SMILES_419,-0.48247024478347816,386.37416725810067,2.9064565929785062,2
SMILES_420,0.764866860232186,274.14121286120286,1.8816052371542848,11
SMILES_421,1.5705882390932524,168.6404001410269,2.3504042675951258,6
SMILES_422,1.047500871864105,335.3868113454248,1.29835184778666,5
SMILES_423,-1.2361508939714763,277.7887376034338,3.856906647284754,4
SMILES_424,1.6983189561357295,420.22161026153475,5.180311953628343,10
SMILES_425,1.916393931005435,285.54735056371123,3.134221807667948,5
SMILES_426,1.7060864559147768,477.55980778186847,2.771484581819909,5
SMILES_427,0.5243893330077746,420.76329602308755,3.545283378942306,3
SMILES_428,-0.18320106172819964,533.1823647238726,2.0722048226766887,11
SMILES_429,2.2331921861401423,522.9815817384592,2.574237476649069,10
SMILES_430,-0.06121649056978023,430.8571436176654,2.5349395082868487,4
SMILES_431,0.6621221921915335,223.9326673228628,3.9271437494559307,6
SMILES_432,1.6109939164383393,301.29640999891876,2.1820252932073925,10
SMILES_433,2.0233548545741247,272.6440899648619,-0.5878735411527334,10
SMILES_434,-0.3646738396442466,362.1428032215706,0.9862046756236957,0
SMILES_435,2.062731493838391,399.6277383078615,6.491727411244025,11
SMILES_436,-0.15122541288492275,315.38108552438166,2.5384553521659305,9
SMILES_437,1.4626672066021769,415.6476498199762,3.601165147172508,11
SMILES_438,1.2940223737193504,277.55583335005895,2.6674819311731435,5
SMILES_439,0.5840638679408464,97.27205242119564,2.6807179211775436,4
SMILES_440,-1.1396336515418037,374.07706508916044,1.012471481976597,5
SMILES_441,-0.709738628757564,319.4008684201803,5.525899384341875,0
SMILES_442,1.6921747678696486,363.79301255559915,1.603773641775135,3
SMILES_443,1.0538680800881477,435.86345680249445,1.565775168010714,7
SMILES_444,1.170297253194439,324.57336680978756,3.412179851185356,3
SMILES_445,0.1653973593880254,215.78483513055548,4.664155385481677,9
SMILES_446,0.049149590169938154,284.9397447468269,2.36187362106417,7
SMILES_447,1.0643762668282934,505.7593887205901,-0.19692828958087494,10
SMILES_448,0.10837674009045307,398.2448919178052,-0.14617170955313694,7
SMILES_449,1.0490138191223721,478.0719568827054,5.273138671542075,1
SMILES_450,-0.9086527365146146,296.9215915787323,2.9171723402896634,5
SMILES_451,0.6044015488810339,430.7952307365886,4.925984291521387,6
SMILES_452,-0.36512799122472217,456.3624935475338,3.176347438578594,6
SMILES_453,0.7753217123333896,181.01763149657714,1.4366841941913968,0
SMILES_454,-0.8083003790050994,382.43895957130854,3.4238196641228305,3
SMILES_455,2.0596722411500994,371.672569674621,3.228724447519357,6
SMILES_456,-1.451078856417698,220.95118338872427,3.5990658764180274,5
SMILES_457,1.7639087220077108,221.8894719372364,2.9322208398913623,11
SMILES_458,0.12343794744408895,574.5251462449253,2.0328475226123786,2
SMILES_459,1.2475452901002357,368.8033729315473,4.63358231342321,9
SMILES_460,1.0572998561728018,489.01689912367823,2.698538709333792,9
SMILES_461,-0.12447036801314504,431.2586209847709,3.177304767453102,0
SMILES_462,0.005757243555742915,355.722154914732,1.2333034737270083,4
SMILES_463,1.7592118362652105,238.5275975760741,1.070395347887335,10
SMILES_464,0.6936428694590079,421.47995890998703,1.5100437763019596,7
SMILES_465,0.17267235890691243,351.00570971930716,1.0647256998803383,2
SMILES_466,0.021052681580069007,368.02213395434075,-0.6531845688621534,4
SMILES_467,0.22012430291904556,380.11234626249376,1.7983324131407938,8
SMILES_468,2.4876116132257478,389.03588603642464,5.237476831512396,7
SMILES_469,2.3053089522608916,409.90189040702836,2.125540840275592,10
SMILES_470,2.535686344489168,250.26298908077732,0.7819277960152609,8
SMILES_471,2.4807154013851678,427.35123218691575,3.93526920176244,4
SMILES_472,-0.3439374409567045,430.7887376133759,2.6114850768924556,2
SMILES_473,0.5847294927331784,372.7674791291987,2.2003693467146097,10
SMILES_474,-0.21693884360128604,416.45358530861847,0.8778672514137927,8
SMILES_475,1.5739290855620829,508.7330407399226,2.811508106541984,3
SMILES_476,0.31034035570145835,443.22899696206116,2.855181223218648,0
SMILES_477,-0.009208430040427044,223.79686157580213,3.2893058810706313,10
SMILES_478,0.02896713919809823,290.76532418935227,2.918250995452416,1
SMILES_479,-0.38396141210016305,329.16265287062726,2.572400336934256,7
SMILES_480,1.3483930493517933,285.1270862610671,2.802790182102161,1
SMILES_481,1.1399595406925227,197.3458579761847,2.6239209266492374,5
SMILES_482,-0.34639118010120057,453.53210519104437,0.4394715436075277,11
SMILES_483,1.591250048406203,263.02250179082944,5.933897147535226,4
SMILES_484,0.8952758462514314,484.82967209906417,3.762027241416529,8
SMILES_485,-0.6486399261426392,172.13292372089586,3.0309882319721697,7
SMILES_486,-0.7527352102822007,435.6312612181697,2.430255870990669,0
SMILES_487,-0.6033198986532576,444.1098671558071,2.5290314288684956,2
SMILES_488,1.600989633769039,375.45902095691366,3.2661217858383624,11
SMILES_489,2.277032791192348,321.848476728003,5.044863507726026,4
SMILES_490,-2.819254183739949,348.72572712593234,1.6992524340502617,11
SMILES_491,-0.9322656060832543,352.02168037352146,3.234767105924151,7
SMILES_492,2.0571432672564636,400.79499226015025,0.21103434518130018,6
SMILES_493,0.15586937093958253,330.2262506638457,4.100383646510043,1
SMILES_494,1.762552488391267,346.439991832546,3.3483958081128344,11
SMILES_495,0.5971789755544034,387.02979931327053,2.635454201184485,6
SMILES_496,0.8754995713811272,352.7958351764131,-0.6609925815568797,4
SMILES_497,1.817785919811867,252.32299933947172,1.8833288894913374,5
SMILES_498,0.4676615368208763,263.53247607470536,1.297222673552447,7
SMILES_499,-0.5121466201501189,341.64298197346807,1.3373922547752826,4
SMILES_500,1.1889946200381243,159.8738357267315,-0.1702616868107416,8
SMILES_501,0.015095909273855042,334.15387594717487,2.214720841250993,0
SMILES_502,3.2330554451658293,368.85171068921545,5.714030103747097,4
SMILES_503,0.31351948693522746,339.9456975952735,3.9345373740979084,0
SMILES_504,1.1339798001156223,400.27320745927346,2.88468027484897,0
SMILES_505,1.6093959715138653,372.26746735744996,3.680026659652054,0
SMILES_506,1.9513712904809648,443.8792547501222,6.307472287699329,4
SMILES_507,1.91160381470205,367.4513538230475,1.1987064252270632,8
SMILES_508,1.9107172641111732,562.7856930137386,1.5509287608778815,1
SMILES_509,0.3857710383220435,353.3671241618424,2.0207075396373524,5
SMILES_510,1.4538599003172332,433.8133153713893,0.5348294500381215,4
SMILES_511,-1.7595838809555024,329.6312450478753,3.314471950867119,11
SMILES_512,1.2796922178318724,353.97679646077336,2.308816466773911,6
SMILES_513,1.3393136130606207,245.9070541260772,3.79860078216386,6
SMILES_514,1.5112576871192054,338.8746268817256,4.131760978104225,2
SMILES_515,1.5667161195497914,258.75239105327506,4.911263131923663,5
SMILES_516,1.5829635345608521,476.2942415390115,3.956893046094361,2
SMILES_517,0.09690908577813903,370.00321156700903,2.19734805033379,1
SMILES_518,0.20720239599744078,412.7097014311217,1.9843040463619093,4
SMILES_519,1.3415536400827588,157.9829891704286,1.2164678191135252,3
SMILES_520,-1.612788745919661,171.30231068260073,2.8744726332083768,3
SMILES_521,-1.2480615902381196,315.1364009072577,3.3729852632069934,3
SMILES_522,-0.20044435121074303,193.78509299695497,0.4150841227644801,7
SMILES_523,0.012566461435953165,39.418875368161835,4.6515504227317805,0
SMILES_524,0.8602632444476461,438.07860113186183,2.841987519147145,2
SMILES_525,3.0203339784644494,385.6610659550477,2.1951237459258506,8
SMILES_526,-0.03493587170782497,262.4396870112928,1.1756246495615963,2
SMILES_527,1.0622839978072225,363.5554884341274,5.0484467906738475,0
SMILES_528,-1.4437051124788922,552.0555763428716,3.6137875756585167,4
SMILES_529,-0.026490828073711552,247.8508625769591,4.180089348852346,3
SMILES_530,1.3537850866368821,450.4597873392134,2.626536746310551,9
SMILES_531,0.05027395749570966,299.91607668607355,5.386744979352488,7
SMILES_532,-0.219529029298596,282.11386171183153,4.11768236545764,10
SMILES_533,-1.9815516883682414,212.0755933545366,4.916586816780353,11
SMILES_534,-0.40250020788541,365.661338841491,4.6620241677139616,10
SMILES_535,1.8657878134421704,438.67314205762756,1.8032544665982224,8
SMILES_536,-0.01329855256090862,384.15966956338826,3.1298737936274663,9
SMILES_537,0.6108989009219953,326.1469800235555,4.934662085266592,4
SMILES_538,-0.3908301599103709,278.7680586535618,3.5822277120395967,0
SMILES_539,0.14696768091493606,540.3421423520582,1.2193812147798475,3
SMILES_540,1.939011884463236,288.5603916199057,2.942279591233562,2
SMILES_541,-0.030191969608241512,287.72136682825726,4.106465206536966,5
SMILES_542,-0.37558974250344374,178.08114217532983,0.4665837652848336,1
SMILES_543,1.9695825051725289,542.6782066096265,1.249349552211624,4
SMILES_544,0.46537847775913455,163.61456240923079,0.5262397555562963,7
SMILES_545,0.14016192121180504,454.53940255514783,3.5600959355572015,10
SMILES_546,0.7148163067258502,415.9145967166717,5.2950419805983735,4
SMILES_547,1.776297289368831,297.1349517685909,-0.44612093377898143,4
SMILES_548,0.6582123505606189,375.03579376421004,3.1331440124306855,7
SMILES_549,-0.33099339648175014,401.2338828817549,1.782007405084365,10
SMILES_550,0.6472848319806321,599.4221637157092,5.533328845169876,4
SMILES_551,-1.3789802800539275,543.6030858014565,3.148551937823214,3
SMILES_552,-0.5966414734589883,431.2078668873754,4.168199524749532,9
SMILES_553,0.9024707844069502,377.83899551821526,5.027999998489561,8
SMILES_554,0.5360417130873505,423.3322639627188,3.0815927455530048,1
SMILES_555,0.9760705030107799,375.8676364381437,-0.08363636386289384,0
SMILES_556,1.0164886249099878,389.1500305653395,2.609786472103464,3
SMILES_557,1.4890486804323755,278.47152996487006,3.136624949121753,9
SMILES_558,0.632731797793337,342.5396860611445,0.9218726182252667,11
SMILES_559,1.715298907582528,435.7349902022714,-0.22077995149210777,2
SMILES_560,1.051741305075234,356.05989185274956,0.588122836633239,8
SMILES_561,1.1184230069439836,403.95062206632684,4.929515443272335,2
SMILES_562,-0.5015743063647993,293.30764128116,0.9313118452519533,2
SMILES_563,-0.3593137688677725,344.8580926071417,7.290475024214885,9
SMILES_564,-0.13001499650630743,214.052935724773,5.090711625717712,6
SMILES_565,2.7825443900297273,437.0780742920312,4.265368065527112,11
SMILES_566,2.1436258479076815,156.90396497763774,0.3260416335440333,1
SMILES_567,-0.5618518072926216,402.8341800818282,5.050092992850693,10
SMILES_568,0.4757579384086066,199.53009887567038,1.9943823168417902,7
SMILES_569,-0.4578642461229049,245.6763370095986,-0.13050569345797455,5
SMILES_570,-0.4241980890921583,241.90832477785474,3.211021071625056,11
SMILES_571,1.7112826422329148,444.5384813897529,3.524843654745902,10
SMILES_572,-1.262064188455629,216.79201599450766,1.5228867370234496,11
SMILES_573,1.0661820941501086,329.6061961728585,1.8383139694183768,8
SMILES_574,0.42503925516434904,304.0644437798809,2.5147087749010013,7
SMILES_575,1.6963693041097962,321.8756032708148,2.472799992195701,3
SMILES_576,0.7315138647028883,432.2856490962912,3.997668203600979,7
SMILES_577,2.295573072758807,335.95377812367406,2.3602104187919206,3
SMILES_578,0.5457471007696981,334.24652321820645,5.432682923397188,10
SMILES_579,1.6442486202085178,249.66643695765924,3.3052966760469684,4
SMILES_580,0.7621812052209659,245.2204873883213,0.14421877874986253,10
SMILES_581,0.5888088635906777,195.79483256416864,4.647222163838987,9
SMILES_582,1.958984627279056,310.9162967331454,1.4545097615182407,10
SMILES_583,0.5963034504139997,513.3495422496364,4.626468746189019,6
SMILES_584,0.7076699024402903,369.7777498933368,3.3465653218642055,5
SMILES_585,-0.3356378970356833,356.2991465121516,1.4923840462239175,4
SMILES_586,0.5455799964960182,178.79615258874387,2.131480425124741,1
SMILES_587,-2.7164802339626193,472.6147286448378,3.5300843599820726,4
SMILES_588,-0.0228013670742409,526.177385825481,3.234478133449894,9
SMILES_589,0.8985013891436568,257.9636889932144,4.3270961594436645,6
SMILES_590,0.32477208411435005,242.60644221039365,3.492420831066286,10
SMILES_591,0.23911844185345604,508.2310911878911,2.7997963282063156,5
SMILES_592,1.1825237868881464,392.60129828338415,2.965437228400795,5
SMILES_593,2.3812002814900626,539.0745696129219,2.498250232742668,4
SMILES_594,0.02012006106810342,479.6328120792687,3.6439354373913497,8
SMILES_595,1.5383579808134984,138.5202284422285,3.4712634424313835,0
SMILES_596,0.47694061602676785,524.9930643847439,3.210731577270734,3
SMILES_597,1.1294699794739773,364.3519684524527,6.483587444219513,6
SMILES_598,2.911263759936215,352.5241915952767,3.4080294303755037,0
SMILES_599,1.616625209964879,353.5961390476019,4.768792912103761,11
SMILES_600,2.008216980305768,341.40157761797985,1.7585971658274016,10
SMILES_601,0.014495315358779588,182.7871109740634,2.8166993437261247,3
SMILES_602,0.3939479921206082,502.3655938546431,-0.6248644712535107,5
SMILES_603,-0.7937752843172068,289.1063421304015,2.942829655455586,9
SMILES_604,-0.22861497668812214,315.7232377398773,1.8194867395374519,7
SMILES_605,0.7430550340725679,413.53346988746335,1.668986529889365,6
SMILES_606,-0.3335508109107162,542.4629528503131,3.1435478597467794,11
SMILES_607,0.7796238746138185,340.79657459640185,2.1557129842604645,8
SMILES_608,-0.04630067672781029,371.97636375933087,0.33042215558174814,6
SMILES_609,0.6755013230287757,504.1422743855078,2.473561329096918,2
SMILES_610,1.3054489141412924,412.2849660757256,8.474629389186642,9
SMILES_611,1.2116120533598655,401.5990030156808,3.474916334417422,3
SMILES_612,1.00203953351468,31.642646356478565,3.246313822334986,2
SMILES_613,2.0907829004757876,317.25133357251696,0.9902354940080763,8
SMILES_614,-1.7268244943433708,368.5393612046394,0.8131846771868806,10
SMILES_615,0.4639634983849533,367.40698947545576,1.302651026011203,10
SMILES_616,1.4333502269661567,450.77231127389206,3.2485003605844525,7
SMILES_617,-1.961408560065835,215.4463251036504,0.8465431176591012,9
SMILES_618,2.573811147829888,237.45093968032043,5.086764219621642,8
SMILES_619,0.1390044287093368,456.94607976345725,0.941072910011863,9
SMILES_620,-0.3119842884833749,469.8397394780884,4.092032737757429,9
SMILES_621,1.4211152604295683,236.24618635531502,3.228095570894352,1
SMILES_622,-0.4285893972781193,379.6060355305351,5.206714692714108,4
SMILES_623,2.1197879031532234,323.1602843338491,1.049020412297712,4
SMILES_624,0.5245117529748917,279.13233414997745,7.70854667425432,6
SMILES_625,2.201876428037171,218.05026165693894,3.103941032822652,3
SMILES_626,1.97824441322162,251.35135964157797,4.715782210790411,3
SMILES_627,0.6465167490700727,259.62451088855755,3.427987750686395,7
SMILES_628,-0.3166587623824274,520.6867591047094,1.1008175347310045,0
SMILES_629,2.5859565555666726,404.4855046640151,1.5703802345459696,5
SMILES_630,-1.3195020277541973,381.2565390227055,2.840182154260531,8
SMILES_631,0.093108770484313,226.8024786281123,1.5643440609428771,1
SMILES_632,1.5410829362350926,495.7225730672142,3.0381943571481873,4
SMILES_633,-1.2594447242503775,508.72665881248776,4.21172766884395,9
SMILES_634,-0.9655073356990622,376.980322674886,4.850651169301064,9
SMILES_635,0.28133837182777033,364.60552665652546,5.471841718726369,8
SMILES_636,0.8327604543457175,364.89619780428615,2.7275767889802163,10
SMILES_637,-1.764518753051646,431.4443135255048,2.122607676979398,11
SMILES_638,1.858991768360074,189.28884145072456,0.02769032681237038,3
SMILES_639,0.3176954858617862,232.87926881201744,-0.9732013125335701,8
SMILES_640,1.3490577264193602,261.9896705172493,2.6444947572164192,7
SMILES_641,-0.39590580657679875,298.31074470149457,4.803892189404785,8
SMILES_642,0.04036313346980977,383.58660234963565,2.9934956675889697,1
SMILES_643,0.8630985113392922,461.94859218135514,3.4679438857759446,9
SMILES_644,0.6886755129294801,452.36531446636354,1.1658024173243462,4
SMILES_645,1.3086544568071439,177.12791917848472,2.0848884370761525,9
SMILES_646,1.3678499571687142,558.0278908795334,4.6712170319748125,8
SMILES_647,-0.8903551796309846,593.1863487639203,3.508112558198386,4
SMILES_648,0.7279624705636086,530.6672716286726,2.056362018961203,11
SMILES_649,0.30079271101835947,274.13933105299293,3.8709356237682004,3
SMILES_650,0.9751439765527613,295.82481992144056,2.9950634956300757,7
SMILES_651,0.11634591265460169,176.73212758078282,4.535989941790135,5
SMILES_652,0.5629653521057342,381.50717399302306,3.578983072241836,1
SMILES_653,2.8372798606256473,379.93678965501334,2.275721727335556,7
SMILES_654,-0.9167362499293864,309.96157191329314,2.4437991381738127,11
SMILES_655,-0.03954746309973998,249.5139598685896,0.605724014951461,4
SMILES_656,-2.3054832643201233,374.462905993576,0.20987471438948904,6
SMILES_657,-0.14571764149554547,331.39279988375387,2.09103172418892,3
SMILES_658,-0.8277281658071249,392.84237312507764,4.965393672132567,8
SMILES_659,2.8368246614670216,521.787097405222,3.484495611826181,1
SMILES_660,0.10794812885766435,423.6161345694899,2.333327220741663,11
SMILES_661,0.014605548477177628,376.6774855824586,3.8565835211262085,9
SMILES_662,1.2773673460006045,371.78085109609987,4.585086616029308,8
SMILES_663,-0.7858666217534344,235.82593351529079,1.824758009226012,3
SMILES_664,1.4225199577767726,344.30024555012017,1.832358790641667,5
SMILES_665,1.3818947979177592,384.24055957049825,7.906486113705969,4
SMILES_666,2.3819812100854647,451.4575242328749,1.372339191413939,2
