study_pk,sid,name,drug,licence,group_count,individual_count,intervention_count,output_count,output_calculated_count,subset_count,timecourse_count,scatter_count,reference_date,output_ids,subset_ids
553,PKDB00954,Rosenkranz1996a,creatinine; glimepiride; glimepiride-M1; glimepiride-M2,closed,9,248,6,669,27,28,10,18,1997-03-28,"[160175, 160176, 160177, 160178, 160179, 160180, 160181, 160182, 160231, 160232, 160227, 160228, 160221, 160222, 160183, 160184, 160185, 160225, 160226, 160186, 160187, 160188, 160189, 160190, 160191, 160192, 160193, 160194, 160223, 160224, 160229, 160230, 160326, 160327, 160328, 160329, 160330, 160331, 160332, 160333, 160334, 160335, 160336, 160337, 160338, 160339, 160340, 160341, 160342, 160343, 160344, 160345, 160346, 160347, 160348, 160349, 160350, 160351, 160352, 160353, 160354, 160355, 160356, 160357, 160358, 160359, 160360, 160361, 160362, 160363, 160364, 160365, 160366, 160367, 160368, 160369, 160370, 160371, 160372, 160373, 160374, 160375, 160376, 160377, 160378, 160379, 160380, 160381, 160382, 160383, 160384, 160385, 160386, 160387, 160388, 160389, 160390, 160391, 160392, 160393, 160394, 160395, 160396, 160397, 160398, 160399, 160400, 160401, 160402, 160403, 160404, 160405, 160406, 160407, 160408, 160409, 160410, 160411, 160412, 160413, 160414, 160415, 160416, 160417, 160418, 160613, 160614, 160615, 160616, 160617, 160618, 160619, 160620, 160621, 160622, 160623, 160624, 160625, 160629, 160630, 160631, 160644, 160645, 160646, 160647, 160648, 160649, 160650, 160651, 160652, 160653, 160654, 160655, 160656, 160657, 160660, 160661, 160662, 160663, 160664, 160665, 160666, 160667, 160668, 160669, 160670, 160671, 160672, 160673, 160674, 160675, 160676, 160677, 160678, 160679, 160680, 160681, 160703, 160704, 160705, 160706, 160707, 160708, 160709, 160710, 160711, 160712, 160713, 160714, 160719, 160720, 160721, 160722, 160723, 160724, 160725, 160726, 160727, 160728, 160729, 160730, 160731, 160732, 160733, 160734, 160735, 160736, 160737, 160738, 160739, 160740, 160741, 160742, 160743, 160744, 160682, 160683, 160684, 160685, 160686, 160687, 160688, 160750, 160751, 160752, 160753, 160754, 160765, 160766, 160767, 160768, 160769, 160770, 160771, 160772, 160773, 160774, 160775, 160776, 160777, 160953, 160954, 160955, 160956, 160957, 160958, 160959, 160960, 160961, 160962, 160963, 160964, 160965, 160967, 160968, 160969, 160970, 160971, 160972, 160973, 160974, 160975, 160976, 160977, 160978, 160979, 160980, 160981, 160982, 160983, 160984, 160985, 160986, 160987, 160988, 160989, 160990, 160991, 161033, 161034, 161035, 161036, 161037, 161038, 161039, 161040, 161041, 161042, 161043, 161044, 161045, 161047, 160992, 160993, 160994, 160995, 160996, 160997, 160998, 160999, 161000, 161001, 161002, 161003, 161004, 161005, 161006, 161007, 161008, 161009, 161010, 161011, 161012, 161013, 161014, 161015, 161016, 161017, 161059, 161060, 161061, 161062, 161063, 161064, 161065, 161066, 161067, 161068, 161070, 161071, 161072, 161073, 161074, 161075, 161076, 161077, 161078, 161079, 161080, 161081, 161082, 161085, 161086, 161087, 161088, 161089, 161090, 161091, 161092, 161093, 161094, 161095, 161096, 161097, 161267, 161268, 161269, 161270, 161271, 161272, 161273, 161274, 161275, 161276, 161277, 161278, 161281, 161282, 161283, 161284, 161285, 161286, 161287, 161288, 161289, 161290, 161291, 161292, 161344, 161345, 161346, 161347, 161348, 161293, 161294, 161295, 161296, 161297, 161298, 161299, 161300, 161302, 161303, 161304, 161305, 161306, 161307, 161308, 161309, 161310, 161311, 161312, 161313, 161314, 161315, 161316, 161317, 161318, 161319, 161320, 161321, 161322, 161323, 161324, 161325, 161326, 161327, 161328, 160599, 160600, 161358, 161359, 161360, 161361, 161362, 161363, 161364, 161365, 161366, 161368, 161369, 161370, 161371, 161372, 161373, 161374, 161375, 161376, 161379, 161380, 161381, 161382, 161383, 161384, 161385, 161386, 161387, 161388, 161389, 161390, 161391, 161393, 161394, 161395, 161396, 161397, 161398, 161399, 161400, 161401, 161402, 161403, 161404, 160601, 160602, 160603, 160604, 160605, 160606, 160607, 160608, 160609, 160610, 160611, 160612, 160689, 160690, 160691, 160692, 160693, 160694, 160695, 160696, 160697, 160698, 160699, 160700, 160701, 160702, 160626, 160627, 160628, 160715, 160716, 160717, 160718, 160632, 160633, 160634, 160635, 160636, 160637, 160638, 160639, 160640, 160641, 160642, 160643, 160658, 160659, 160745, 160746, 160747, 160748, 160749, 160755, 160756, 160757, 160758, 160759, 160760, 160761, 160762, 160763, 160764, 160778, 160939, 160940, 160941, 160942, 160943, 160944, 160945, 160946, 160947, 160948, 160949, 160950, 160951, 160952, 161019, 161020, 161021, 161022, 161023, 161024, 161025, 161026, 161027, 161028, 161029, 161030, 161031, 161032, 160966, 161046, 161048, 161049, 161050, 161051, 161052, 161053, 161054, 161055, 161056, 161057, 161058, 161069, 161083, 161084, 161018, 161098, 161253, 161254, 161255, 161256, 161257, 161258, 161259, 161260, 161261, 161262, 161263, 161264, 161265, 161266, 161330, 161331, 161332, 161333, 161334, 161335, 161336, 161337, 161338, 161339, 161340, 161341, 161342, 161343, 161279, 161280, 161349, 161350, 161351, 161352, 161353, 161354, 161355, 161356, 161357, 161367, 161301, 161377, 161378, 161392, 161329, 161405, 161406, 160166, 160167, 160168, 160169, 160170, 160171, 160172, 160173, 160174, 161416, 161417, 161418, 161419, 161420, 161421, 161422, 161423, 161424, 160198, 160199, 160200, 160201, 160202, 160203, 160204, 160205, 160206, 160207, 160208, 161431, 161432, 161433, 161434, 161435, 161436, 161443, 161444, 161445, 161446, 161447, 161448, 160195, 160196, 160197, 161455, 161456, 161457, 161458, 161459, 161460]","[3001, 3002, 3003, 3004, 3005, 3006, 3007, 3008, 3009, 3010, 3011, 3012, 3013, 3014, 3015, 3016, 3017, 3018, 3019, 3020, 3021, 3022, 3023, 3024, 3025, 3026, 3027, 3028]"
554,PKDB00955,Shukla2004,glimepiride; glimepiride-M1; glimepiride-M2,closed,3,0,1,274,54,14,14,0,2004-03-15,"[161665, 161666, 161667, 161668, 161669, 161670, 161671, 161672, 161673, 161674, 161675, 161676, 161677, 161678, 161679, 161647, 161648, 161649, 161650, 161651, 161652, 161653, 161654, 161655, 161656, 161657, 161658, 161659, 161660, 161661, 161662, 161663, 161699, 161700, 161719, 161720, 161721, 161722, 161723, 161724, 161725, 161726, 161727, 161728, 161729, 161730, 161731, 161732, 161737, 161738, 161739, 161740, 161741, 161742, 161743, 161744, 161745, 161746, 161747, 161748, 161749, 161750, 161751, 161752, 161773, 161774, 161775, 161776, 161777, 161778, 161779, 161755, 161756, 161757, 161758, 161759, 161760, 161761, 161762, 161763, 161764, 161765, 161766, 161767, 161768, 161769, 161770, 161771, 161753, 161754, 161805, 161806, 161807, 161808, 161798, 161799, 161800, 161801, 161802, 161803, 161804, 161867, 161868, 161869, 161870, 161809, 161810, 161811, 161826, 161827, 161828, 161829, 161830, 161831, 161812, 161813, 161814, 161815, 161816, 161817, 161818, 161871, 161872, 161873, 161874, 161875, 161876, 161877, 161878, 161879, 161880, 161881, 161882, 161883, 161884, 161885, 161886, 161887, 161888, 161889, 161890, 161891, 161892, 161893, 161894, 161895, 161896, 161897, 161898, 161899, 161900, 161791, 161792, 161793, 161794, 161795, 161796, 161797, 161780, 161781, 161782, 161783, 161784, 161785, 161786, 161787, 161788, 161789, 161790, 161907, 161908, 161909, 161910, 161911, 161912, 161701, 161702, 161703, 161704, 161705, 161706, 161707, 161708, 161709, 161710, 161711, 161712, 161713, 161714, 161715, 161716, 161717, 161718, 161919, 161920, 161921, 161922, 161923, 161924, 161683, 161684, 161685, 161686, 161687, 161688, 161689, 161690, 161691, 161692, 161693, 161694, 161695, 161696, 161697, 161698, 161931, 161932, 161933, 161934, 161935, 161936, 161772, 161943, 161944, 161945, 161946, 161947, 161948, 161733, 161734, 161735, 161736, 161955, 161956, 161957, 161958, 161959, 161960, 161680, 161681, 161682, 161970, 161971, 161972, 161973, 161974, 161975, 161976, 161977, 161978, 161985, 161986, 161987, 161988, 161989, 161990, 161819, 161820, 161821, 161822, 161823, 161824, 161825, 161664, 162000, 162001, 162002, 162003, 162004, 162005, 162006, 162007, 162008, 161832]","[3029, 3030, 3031, 3032, 3033, 3034, 3035, 3036, 3037, 3038, 3039, 3040, 3041, 3042]"
555,PKDB00956,Suzuki2006,glimepiride; glucose; insulin,closed,2,42,1,78,21,3,3,0,2007-10-04,"[162058, 162016, 162017, 162018, 162019, 162020, 162034, 162035, 162036, 162037, 162038, 162059, 162060, 162061, 162062, 162063, 162064, 162065, 162066, 162067, 162068, 162069, 162070, 162097, 162098, 162099, 162100, 162101, 162102, 162103, 162104, 162105, 162106, 162107, 162108, 162109, 162110, 162111, 162112, 162113, 162114, 162115, 162116, 162117, 162118, 162119, 162120, 162121, 162122, 162039, 162040, 162041, 162042, 162043, 162044, 162132, 162133, 162134, 162135, 162136, 162137, 162138, 162139, 162140, 162021, 162022, 162150, 162151, 162152, 162153, 162154, 162155, 162156, 162157, 162158, 162162, 162163, 162164]","[3043, 3044, 3045]"
556,PKDB00957,Wang2005,glimepiride,closed,4,0,1,88,27,3,3,0,2005-08-18,"[162218, 162219, 162220, 162221, 162222, 162223, 162224, 162225, 162226, 162205, 162206, 162207, 162208, 162209, 162210, 162211, 162212, 162213, 162214, 162266, 162267, 162268, 162269, 162270, 162271, 162272, 162273, 162274, 162275, 162276, 162277, 162278, 162279, 162280, 162281, 162282, 162283, 162284, 162285, 162286, 162231, 162232, 162233, 162234, 162235, 162236, 162237, 162238, 162239, 162240, 162241, 162242, 162243, 162244, 162296, 162297, 162298, 162299, 162300, 162301, 162302, 162303, 162304, 162227, 162228, 162229, 162230, 162314, 162315, 162316, 162317, 162318, 162319, 162320, 162321, 162322, 162215, 162216, 162217, 162332, 162333, 162334, 162335, 162336, 162337, 162338, 162339, 162340]","[3046, 3047, 3048]"
557,PKDB00958,Yoo2011,glimepiride,closed,3,0,1,42,18,2,2,0,2011-12-20,"[162377, 162378, 162379, 162380, 162381, 162382, 162383, 162384, 162385, 162386, 162387, 162388, 162398, 162399, 162400, 162401, 162402, 162403, 162404, 162405, 162406, 162365, 162366, 162367, 162368, 162369, 162370, 162371, 162372, 162373, 162374, 162375, 162376, 162416, 162417, 162418, 162419, 162420, 162421, 162422, 162423, 162424]","[3049, 3050]"
558,PKDB00181,Allonen1981,midazolam,closed,1,6,3,139,18,2,2,0,1982-01-28,"[162509, 162510, 162511, 162512, 162513, 162514, 162515, 162516, 162517, 162518, 162519, 162520, 162521, 162522, 162523, 162524, 162525, 162526, 162527, 162528, 162529, 162530, 162531, 162532, 162533, 162534, 162535, 162536, 162537, 162538, 162539, 162540, 162541, 162542, 162543, 162544, 162545, 162546, 162547, 162548, 162549, 162550, 162551, 162552, 162553, 162554, 162555, 162556, 162557, 162558, 162559, 162560, 162561, 162562, 162563, 162564, 162565, 162566, 162567, 162568, 162569, 162570, 162571, 162572, 162573, 162574, 162575, 162576, 162577, 162578, 162579, 162580, 162581, 162582, 162583, 162584, 162585, 162586, 162587, 162588, 162589, 162590, 162591, 162592, 162605, 162606, 162607, 162608, 162609, 162610, 162611, 162612, 162613, 162614, 162615, 162616, 162654, 162655, 162656, 162657, 162658, 162659, 162660, 162661, 162662, 162663, 162664, 162665, 162642, 162643, 162644, 162645, 162646, 162647, 162648, 162649, 162650, 162651, 162652, 162653, 162676, 162677, 162678, 162679, 162680, 162681, 162682, 162683, 162684, 162666, 162694, 162695, 162696, 162697, 162698, 162699, 162700, 162701, 162702]","[3051, 3052]"
560,PKDB00228,Backman1998,midazolam; 1-hydroxymidazolam; rifampicin; itraconazole,closed,1,0,6,202,69,10,10,0,1998-06-11,"[163076, 163077, 163078, 163085, 163086, 163087, 163088, 163089, 163090, 163097, 163098, 163099, 163100, 163101, 163102, 162973, 163112, 163113, 163114, 163115, 163116, 163117, 163118, 163119, 163120, 163040, 163041, 163042, 163043, 163044, 163045, 163046, 163047, 163048, 163127, 163128, 163129, 163130, 163131, 163132, 162818, 162819, 162820, 162821, 162822, 162823, 162824, 162825, 162826, 162827, 162828, 162829, 162830, 162831, 162832, 162833, 162834, 162835, 162836, 162837, 162838, 162839, 162840, 162841, 162842, 162843, 162844, 162845, 162846, 162847, 162848, 162849, 162850, 162851, 162852, 162962, 162963, 162964, 162965, 162966, 162967, 162968, 162969, 162970, 162971, 162972, 163142, 163143, 163144, 163145, 163146, 163147, 163148, 163149, 163150, 163154, 163155, 163156, 162974, 162975, 163022, 163023, 163024, 163025, 163026, 163027, 163028, 163029, 163030, 163031, 163032, 162999, 163000, 163001, 163002, 163003, 163004, 163005, 163006, 163007, 163008, 163009, 162991, 162992, 162993, 162994, 162995, 162996, 162997, 162998, 162986, 162987, 162988, 162989, 162990, 162981, 162982, 162983, 162984, 162985, 163033, 163034, 163035, 163010, 163011, 163012, 163013, 163014, 163015, 163016, 163017, 163018, 163019, 163020, 163021, 163055, 163056, 163057, 163058, 163059, 163060, 162951, 162952, 162953, 162954, 162955, 162956, 162957, 162958, 162959, 162960, 162961, 163070, 163071, 163072, 163073, 163074, 163075, 163036, 163037, 163038, 163039, 162976, 162977, 162978, 162979, 162980, 163166, 163167, 163168, 163169, 163170, 163171, 163172, 163173, 163174, 163181, 163182, 163183, 163184, 163185, 163186]","[3053, 3054, 3055, 3056, 3057, 3058, 3059, 3060, 3061, 3062]"
561,PKDB00251,Bornemann1985,midazolam; 1-hydroxymidazolam,closed,1,12,3,265,45,6,6,0,1985-12-13,"[163367, 163368, 163369, 163370, 163371, 163372, 163373, 163374, 163375, 163376, 163377, 163378, 163379, 163380, 163381, 163456, 163457, 163458, 163459, 163460, 163461, 163462, 163463, 163464, 163465, 163466, 163467, 163468, 163469, 163470, 163471, 163472, 163473, 163474, 163654, 163655, 163656, 163657, 163658, 163659, 163660, 163661, 163662, 163613, 163614, 163615, 163616, 163617, 163618, 163619, 163620, 163621, 163622, 163623, 163624, 163625, 163626, 163669, 163670, 163671, 163672, 163673, 163674, 163223, 163224, 163225, 163226, 163227, 163228, 163229, 163230, 163231, 163232, 163233, 163234, 163235, 163236, 163237, 163238, 163239, 163240, 163241, 163242, 163243, 163244, 163245, 163246, 163247, 163248, 163249, 163250, 163251, 163252, 163253, 163254, 163255, 163256, 163257, 163258, 163382, 163383, 163384, 163385, 163386, 163387, 163388, 163389, 163390, 163391, 163392, 163393, 163394, 163395, 163396, 163397, 163398, 163399, 163400, 163401, 163402, 163403, 163404, 163405, 163406, 163407, 163408, 163409, 163410, 163411, 163412, 163413, 163414, 163415, 163416, 163417, 163418, 163419, 163420, 163421, 163422, 163423, 163424, 163425, 163426, 163427, 163428, 163429, 163430, 163431, 163432, 163433, 163434, 163435, 163436, 163437, 163438, 163439, 163440, 163441, 163442, 163443, 163444, 163445, 163446, 163447, 163448, 163449, 163450, 163451, 163452, 163453, 163454, 163455, 163551, 163552, 163553, 163554, 163555, 163556, 163557, 163558, 163559, 163560, 163561, 163562, 163563, 163564, 163565, 163566, 163567, 163568, 163569, 163570, 163571, 163572, 163573, 163574, 163575, 163576, 163577, 163684, 163685, 163686, 163687, 163688, 163689, 163690, 163691, 163692, 163594, 163595, 163596, 163578, 163579, 163580, 163581, 163582, 163583, 163584, 163585, 163586, 163587, 163588, 163589, 163590, 163591, 163592, 163593, 163636, 163637, 163638, 163639, 163640, 163641, 163642, 163643, 163644, 163602, 163603, 163604, 163605, 163606, 163607, 163608, 163609, 163610, 163611, 163612, 163597, 163598, 163599, 163600, 163601, 163699, 163700, 163701, 163702, 163703, 163704, 163711, 163712, 163713, 163714, 163715, 163716]","[3063, 3064, 3065, 3066, 3067, 3068]"
562,PKDB00326,Chaobal2005,grapefruit juice; midazolam; rifampicin; alfentanil; troleandomycin,closed,1,55,9,64,0,0,0,0,2005-12-20,"[163772, 163773, 163774, 163775, 163776, 163777, 163778, 163779, 163780, 163781, 163782, 163783, 163784, 163785, 163786, 163787, 163788, 163789, 163790, 163791, 163792, 163793, 163794, 163795, 163796, 163797, 163798, 163799, 163800, 163801, 163802, 163803, 163804, 163805, 163806, 163807, 163808, 163809, 163810, 163811, 163812, 163813, 163814, 163815, 163816, 163817, 163818, 163819, 163820, 163821, 163822, 163823, 163824, 163825, 163826, 163836, 163837, 163838, 163839, 163840, 163841, 163842, 163843, 163844]",[]
564,PKDB00308,Dyk2019,midazolam; rifampicin; clarithromycin,closed,3,0,3,144,27,3,3,0,2019-09-27,"[163983, 163984, 163985, 163986, 163987, 163988, 163989, 163990, 163991, 163992, 163993, 163994, 163995, 163996, 163997, 163998, 163999, 164000, 164001, 164002, 164003, 164004, 164005, 164006, 164007, 164008, 164009, 164010, 164011, 164012, 164013, 164014, 164015, 164016, 164017, 164018, 164019, 164020, 164021, 164022, 164023, 164024, 164025, 164026, 164027, 164028, 164029, 164030, 164031, 164032, 164033, 164034, 164035, 164036, 164037, 164038, 164039, 164040, 164041, 164042, 164043, 164044, 164045, 164046, 164047, 164048, 164049, 164050, 164051, 164052, 164053, 164054, 164055, 164056, 164057, 164058, 164059, 164060, 164061, 164062, 164063, 164064, 164065, 164066, 164067, 164068, 164069, 164070, 164071, 164072, 164100, 164101, 164102, 164103, 164104, 164105, 164106, 164107, 164108, 164136, 164137, 164138, 164139, 164140, 164141, 164142, 164143, 164144, 164118, 164119, 164120, 164121, 164122, 164123, 164124, 164125, 164109, 164110, 164111, 164112, 164113, 164114, 164115, 164116, 164117, 164154, 164155, 164156, 164157, 164158, 164159, 164160, 164161, 164162, 164126, 164172, 164173, 164174, 164175, 164176, 164177, 164178, 164179, 164180]","[3069, 3070, 3071]"
565,PKDB00327,Eap2004,midazolam; 1-hydroxymidazolam; 4-hydroxymidazolam; rifampicin; ketoconazole,closed,4,0,4,273,93,14,14,0,2004-09-30,"[164259, 164260, 164261, 164262, 164263, 164264, 164265, 164266, 164267, 164268, 164269, 164270, 164271, 164272, 164273, 164274, 164275, 164276, 164277, 164278, 164279, 164280, 164281, 164282, 164283, 164284, 164285, 164286, 164287, 164288, 164289, 164290, 164291, 164292, 164293, 164294, 164295, 164296, 164297, 164298, 164299, 164300, 164301, 164302, 164303, 164304, 164305, 164306, 164307, 164308, 164309, 164310, 164311, 164312, 164313, 164314, 164315, 164316, 164317, 164318, 164319, 164320, 164321, 164322, 164323, 164324, 164325, 164326, 164327, 164328, 164329, 164330, 164331, 164332, 164333, 164334, 164335, 164336, 164439, 164440, 164441, 164442, 164448, 164449, 164450, 164451, 164452, 164453, 164454, 164455, 164466, 164467, 164468, 164469, 164470, 164471, 164472, 164473, 164457, 164458, 164459, 164460, 164461, 164462, 164463, 164464, 164527, 164478, 164479, 164480, 164484, 164485, 164493, 164494, 164495, 164496, 164497, 164498, 164499, 164500, 164501, 164508, 164509, 164510, 164511, 164512, 164513, 164514, 164502, 164503, 164504, 164505, 164506, 164507, 164519, 164520, 164521, 164522, 164523, 164524, 164525, 164526, 164515, 164516, 164517, 164518, 164481, 164482, 164483, 164544, 164545, 164546, 164535, 164536, 164537, 164538, 164539, 164540, 164553, 164554, 164555, 164556, 164557, 164558, 164528, 164529, 164530, 164531, 164532, 164533, 164534, 164565, 164566, 164567, 164568, 164569, 164570, 164474, 164475, 164476, 164477, 164577, 164578, 164579, 164580, 164581, 164582, 164443, 164444, 164445, 164446, 164447, 164592, 164593, 164594, 164595, 164596, 164597, 164598, 164599, 164600, 164486, 164487, 164488, 164489, 164490, 164491, 164492, 164610, 164611, 164612, 164613, 164614, 164615, 164616, 164617, 164618, 164456, 164625, 164626, 164627, 164628, 164629, 164630, 164637, 164638, 164639, 164640, 164641, 164642, 164652, 164653, 164654, 164655, 164656, 164657, 164658, 164659, 164660, 164667, 164668, 164669, 164670, 164671, 164672, 164682, 164683, 164684, 164685, 164686, 164687, 164688, 164689, 164690, 164700, 164701, 164702, 164703, 164704, 164705, 164706, 164707, 164708, 164712, 164713, 164714, 164465, 164721, 164722, 164723, 164724, 164725, 164726]","[3072, 3073, 3074, 3075, 3076, 3077, 3078, 3079, 3080, 3081, 3082, 3083, 3084, 3085]"
567,PKDB00322,Eeckhoudt2001,midazolam; rifampicin,closed,1,8,3,27,0,0,0,0,2001-12-04,"[164856, 164857, 164858, 164859, 164860, 164861, 164862, 164863, 164864, 164865, 164866, 164867, 164868, 164869, 164870, 164871, 164872, 164873, 164874, 164875, 164876, 164877, 164878, 164879, 164883, 164884, 164885]",[]
568,PKDB00249,Erp2011,grapefruit juice; midazolam,open,1,8,2,16,0,0,0,0,2011-04-11,"[164902, 164903, 164904, 164905, 164906, 164907, 164908, 164909, 164910, 164911, 164912, 164913, 164914, 164915, 164916, 164917]",[]
569,PKDB00209,Farkas2007,grapefruit juice; pomegranate-juice; midazolam,closed,1,0,6,134,45,5,5,0,2007-09-05,"[165177, 165178, 165179, 165180, 165181, 165182, 165183, 165184, 165185, 164947, 164948, 164949, 164950, 164951, 164952, 164953, 164954, 164955, 164956, 164957, 164958, 164959, 164960, 164961, 164962, 164963, 164964, 164965, 164966, 164967, 164968, 164969, 164970, 164971, 164972, 164973, 164974, 164975, 165048, 165049, 165050, 165051, 165052, 165053, 165054, 165055, 165056, 165057, 165058, 165072, 165073, 165074, 165075, 165076, 165077, 165078, 165079, 165080, 165081, 165082, 165083, 165105, 165106, 165107, 165108, 165109, 165110, 165111, 165112, 165113, 165036, 165037, 165038, 165039, 165040, 165041, 165042, 165043, 165044, 165059, 165060, 165061, 165062, 165063, 165064, 165065, 165066, 165067, 165068, 165069, 165045, 165046, 165047, 165123, 165124, 165125, 165126, 165127, 165128, 165129, 165130, 165131, 165084, 165085, 165086, 165087, 165088, 165089, 165090, 165091, 165092, 165093, 165094, 165095, 165141, 165142, 165143, 165144, 165145, 165146, 165147, 165148, 165149, 165159, 165160, 165161, 165162, 165163, 165164, 165165, 165166, 165167, 165070, 165071]","[3087, 3088, 3089, 3090, 3091]"
570,PKDB00205,Gorski2003,midazolam; 15N3-midazolam; rifampicin,closed,7,0,4,212,36,4,4,0,2003-09-24,"[165601, 165602, 165603, 165604, 165605, 165606, 165607, 165608, 165609, 165246, 165247, 165248, 165249, 165250, 165251, 165252, 165253, 165254, 165255, 165256, 165257, 165258, 165259, 165260, 165261, 165262, 165263, 165264, 165265, 165266, 165267, 165268, 165269, 165270, 165271, 165272, 165273, 165274, 165275, 165276, 165277, 165278, 165279, 165280, 165281, 165282, 165283, 165284, 165285, 165286, 165287, 165288, 165289, 165290, 165291, 165292, 165293, 165294, 165295, 165296, 165297, 165298, 165299, 165300, 165301, 165302, 165303, 165304, 165305, 165366, 165367, 165368, 165369, 165370, 165371, 165372, 165373, 165374, 165375, 165376, 165377, 165378, 165379, 165380, 165381, 165382, 165383, 165384, 165385, 165386, 165387, 165388, 165389, 165390, 165391, 165392, 165393, 165394, 165395, 165396, 165397, 165398, 165399, 165400, 165401, 165402, 165403, 165404, 165405, 165406, 165407, 165408, 165409, 165410, 165411, 165412, 165413, 165414, 165415, 165416, 165417, 165418, 165419, 165420, 165421, 165422, 165423, 165424, 165425, 165482, 165483, 165484, 165485, 165486, 165487, 165488, 165489, 165490, 165491, 165492, 165495, 165496, 165497, 165498, 165499, 165500, 165501, 165502, 165503, 165504, 165505, 165506, 165507, 165508, 165523, 165524, 165525, 165526, 165527, 165528, 165529, 165530, 165531, 165532, 165533, 165534, 165535, 165547, 165548, 165549, 165550, 165551, 165552, 165553, 165554, 165555, 165493, 165494, 165565, 165566, 165567, 165568, 165569, 165570, 165571, 165572, 165573, 165509, 165510, 165511, 165512, 165513, 165514, 165515, 165516, 165517, 165518, 165519, 165520, 165521, 165522, 165583, 165584, 165585, 165586, 165587, 165588, 165589, 165590, 165591, 165536, 165537]","[3092, 3093, 3094, 3095]"
571,PKDB00179,Greenblatt1986,cimetidine; ranitidine; midazolam,closed,3,86,4,233,53,6,6,0,1986-02-18,"[165658, 165659, 165660, 165661, 165662, 165663, 165664, 165665, 165666, 165667, 165668, 165669, 165670, 165671, 165672, 165673, 165674, 165675, 165676, 165677, 165678, 165679, 165680, 165681, 165682, 165683, 165684, 165685, 166070, 166071, 166072, 166073, 166074, 166075, 165686, 165687, 165688, 165689, 165690, 165691, 165692, 165693, 165694, 165695, 165696, 165697, 165698, 165699, 165700, 165701, 165702, 165703, 165704, 165705, 165742, 165743, 165744, 165745, 165746, 165747, 165748, 165749, 165750, 165751, 165752, 165753, 165754, 165755, 165756, 165757, 165758, 165759, 165760, 165761, 165762, 165763, 165764, 165765, 165766, 165767, 165768, 165769, 165770, 165771, 165772, 165773, 165774, 165775, 165776, 165777, 165802, 165803, 165804, 165805, 165806, 165807, 165808, 165809, 165810, 165811, 165812, 165813, 165814, 165815, 165816, 165817, 165818, 165819, 165820, 165821, 165822, 165823, 165824, 165825, 165884, 165885, 165886, 165887, 165888, 165889, 165890, 165891, 165892, 165893, 165873, 165874, 165875, 165876, 165877, 165878, 165879, 165880, 165881, 165882, 165883, 165957, 165958, 165959, 165960, 165933, 165934, 165935, 165936, 165937, 165938, 165939, 165940, 165861, 165862, 165863, 165864, 165865, 165866, 165867, 165868, 165869, 165870, 165871, 165872, 165979, 165980, 165981, 165982, 165983, 165984, 165985, 165986, 165987, 165894, 165895, 165997, 165998, 165999, 166000, 166001, 166002, 166003, 166004, 166005, 165945, 165946, 165947, 165948, 165949, 165950, 165951, 165952, 165953, 165954, 165955, 165956, 166015, 166016, 166017, 166018, 166019, 166020, 166021, 166022, 166023, 166032, 166033, 166034, 166035, 166036, 166037, 166038, 166039, 165961, 165962, 165963, 165964, 165965, 165966, 165967, 165968, 165969, 166049, 166050, 166051, 166052, 166053, 166054, 166055, 166056, 166057, 165941, 165942, 165943, 165944, 166067, 166068, 166069]","[3096, 3097, 3098, 3099, 3100, 3101]"
573,PKDB00298,Greenblatt2004,midazolam,closed,1,8,3,89,18,3,3,0,2004-09-20,"[166085, 166086, 166087, 166088, 166089, 166090, 166091, 166092, 166093, 166175, 166176, 166177, 166178, 166179, 166180, 166181, 166182, 166183, 166184, 166185, 166186, 166187, 166188, 166189, 166190, 166196, 166197, 166198, 166199, 166200, 166201, 166202, 166203, 166204, 166205, 166206, 166207, 166208, 166209, 166210, 166211, 166212, 166213, 166214, 166215, 166216, 166217, 166191, 166192, 166193, 166194, 166195, 166156, 166157, 166158, 166159, 166160, 166161, 166162, 166163, 166164, 166165, 166166, 166167, 166168, 166169, 166170, 166171, 166172, 166173, 166174, 166224, 166225, 166226, 166227, 166228, 166229, 166236, 166237, 166238, 166239, 166240, 166241, 166248, 166249, 166250, 166251, 166252, 166253]","[3102, 3103, 3104]"
576,PKDB00252,Kawaguchi-Suzuki2017,grapefruit juice; midazolam; 1-hydroxymidazolam,open,1,55,3,183,45,6,6,0,2017-08-16,"[167886, 167887, 167888, 167889, 167890, 167891, 167892, 167893, 167894, 167895, 167896, 167897, 167898, 167899, 167900, 167901, 167902, 167903, 167976, 167977, 167978, 167979, 167980, 167981, 167982, 167983, 167984, 167985, 167986, 167987, 167988, 167989, 167990, 167991, 167992, 167993, 167994, 167995, 167996, 167997, 167998, 167999, 168000, 168001, 168002, 168003, 168004, 168005, 168006, 168007, 168008, 168009, 168010, 168011, 168012, 168013, 168014, 168015, 168016, 168017, 168018, 168019, 168020, 168021, 168022, 168023, 168024, 168025, 168026, 168027, 168028, 168029, 168030, 168031, 168032, 168033, 168034, 168035, 168036, 168037, 168038, 168039, 168040, 168041, 168042, 168043, 168044, 168045, 168046, 168047, 168104, 168105, 168106, 168107, 168108, 168109, 168110, 168120, 168121, 168122, 168123, 168124, 168125, 168126, 168127, 168128, 168129, 168130, 168131, 168132, 168112, 168113, 168114, 168115, 168116, 168117, 168118, 168136, 168137, 168138, 168139, 168140, 168141, 168142, 168143, 168133, 168134, 168135, 168150, 168151, 168152, 168153, 168154, 168155, 168096, 168097, 168098, 168099, 168100, 168101, 168102, 168103, 168165, 168166, 168167, 168168, 168169, 168170, 168171, 168172, 168173, 168111, 168183, 168184, 168185, 168186, 168187, 168188, 168189, 168190, 168191, 168198, 168199, 168200, 168201, 168202, 168203, 168210, 168211, 168212, 168213, 168214, 168215, 168119, 168225, 168226, 168227, 168228, 168229, 168230, 168231, 168232, 168233]","[3107, 3108, 3109, 3110, 3111, 3112]"
578,PKDB00211,Kharasch2004,grapefruit juice; midazolam; rifampicin; alfentanil; troleandomycin,closed,1,0,10,556,162,18,18,0,2004-12-02,"[168655, 168656, 168657, 168658, 168659, 168660, 168661, 168662, 168663, 168664, 168665, 168666, 168667, 168668, 168669, 168670, 168671, 168672, 168673, 168674, 168675, 168676, 168677, 168678, 168679, 168680, 168681, 168682, 168683, 168684, 168685, 168686, 168687, 168688, 168689, 168690, 168691, 168692, 168693, 168694, 168695, 168696, 168697, 168698, 168699, 168700, 168701, 168702, 168703, 168704, 168705, 168706, 168707, 168708, 168709, 168710, 168711, 168712, 168713, 168714, 168715, 168716, 168717, 168718, 168719, 168720, 168721, 168722, 168723, 168724, 168725, 168726, 168727, 168728, 168729, 168730, 168731, 168732, 168733, 168734, 168735, 168736, 168737, 168738, 168739, 168740, 168741, 168742, 168743, 168744, 168745, 168746, 168747, 168748, 168749, 168750, 168751, 168752, 168753, 168754, 168755, 168756, 168757, 168758, 168759, 168760, 168761, 168762, 168763, 168764, 168765, 168766, 168767, 168768, 168769, 168770, 168771, 168772, 169064, 169065, 169066, 169067, 169112, 169113, 169114, 169115, 169116, 169117, 169118, 169079, 169080, 169081, 169082, 169083, 169084, 169085, 169086, 169087, 169088, 169098, 169099, 169100, 169101, 169102, 169103, 169104, 169105, 169106, 169107, 169108, 169109, 169110, 169111, 169135, 169151, 169152, 169153, 169154, 169155, 169156, 169157, 169158, 169159, 169160, 169161, 169162, 169124, 169125, 169126, 169127, 169128, 169163, 169164, 169165, 169166, 169167, 169168, 169119, 169120, 169121, 169122, 169123, 169211, 169212, 169213, 169214, 169215, 169216, 169217, 169218, 169181, 169182, 169183, 169184, 169185, 169186, 169187, 169188, 169189, 169190, 169191, 169196, 169197, 169198, 169199, 169200, 169201, 169202, 169203, 169204, 169205, 169206, 169207, 169208, 169209, 169224, 169225, 169226, 169227, 169228, 169229, 169219, 169220, 169221, 169222, 169223, 169240, 169241, 169242, 169243, 169244, 169245, 169246, 169247, 169248, 169249, 169293, 169294, 169295, 169296, 169297, 169298, 169299, 169300, 169301, 169302, 169303, 169311, 169312, 169313, 169314, 169315, 169316, 169278, 169279, 169280, 169281, 169282, 169283, 169284, 169285, 169286, 169287, 169288, 169289, 169317, 169318, 169319, 169320, 169321, 169322, 169323, 169324, 169049, 169050, 169051, 169052, 169053, 169054, 169055, 169056, 169057, 169058, 169059, 169060, 169061, 169062, 169063, 169334, 169335, 169336, 169337, 169338, 169339, 169340, 169341, 169342, 169068, 169069, 169070, 169071, 169072, 169073, 169074, 169075, 169076, 169077, 169078, 169352, 169353, 169354, 169355, 169356, 169357, 169358, 169359, 169360, 169136, 169137, 169138, 169139, 169140, 169141, 169142, 169143, 169144, 169145, 169146, 169147, 169148, 169149, 169150, 169370, 169371, 169372, 169373, 169374, 169375, 169376, 169377, 169378, 169261, 169262, 169263, 169264, 169265, 169266, 169267, 169268, 169269, 169270, 169271, 169272, 169273, 169274, 169275, 169276, 169277, 169388, 169389, 169390, 169391, 169392, 169393, 169394, 169395, 169396, 169406, 169407, 169408, 169409, 169410, 169411, 169412, 169413, 169414, 169129, 169130, 169131, 169132, 169133, 169134, 169424, 169425, 169426, 169427, 169428, 169429, 169430, 169431, 169432, 169169, 169170, 169171, 169172, 169173, 169174, 169175, 169176, 169177, 169178, 169179, 169180, 169442, 169443, 169444, 169445, 169446, 169447, 169448, 169449, 169450, 169230, 169231, 169232, 169233, 169234, 169235, 169236, 169237, 169238, 169239, 169460, 169461, 169462, 169463, 169464, 169465, 169466, 169467, 169468, 169304, 169305, 169306, 169307, 169308, 169309, 169310, 169478, 169479, 169480, 169481, 169482, 169483, 169484, 169485, 169486, 169496, 169497, 169498, 169499, 169500, 169501, 169502, 169503, 169504, 169514, 169515, 169516, 169517, 169518, 169519, 169520, 169521, 169522, 169089, 169090, 169091, 169092, 169093, 169094, 169095, 169096, 169097, 169532, 169533, 169534, 169535, 169536, 169537, 169538, 169539, 169540, 169550, 169551, 169552, 169553, 169554, 169555, 169556, 169557, 169558, 169250, 169251, 169252, 169253, 169254, 169255, 169256, 169257, 169258, 169259, 169260, 169568, 169569, 169570, 169571, 169572, 169573, 169574, 169575, 169576, 169192, 169193, 169194, 169195, 169586, 169587, 169588, 169589, 169590, 169591, 169592, 169593, 169594, 169604, 169605, 169606, 169607, 169608, 169609, 169610, 169611, 169612, 169290, 169291, 169292, 169622, 169623, 169624, 169625, 169626, 169627, 169628, 169629, 169630, 169210, 169640, 169641, 169642, 169643, 169644, 169645, 169646, 169647, 169648]","[3114, 3115, 3116, 3117, 3118, 3119, 3120, 3121, 3122, 3123, 3124, 3125, 3126, 3127, 3128, 3129, 3130, 3131]"
580,PKDB00207,Kupferschmidt1995,grapefruit juice; midazolam; 1-hydroxymidazolam,closed,1,0,4,196,60,8,8,0,1995-09-07,"[169685, 169686, 169687, 169688, 169689, 169690, 169691, 169692, 169693, 169694, 169695, 169696, 169697, 169698, 169699, 169700, 169701, 169702, 169703, 169704, 169705, 169706, 169707, 169708, 169709, 169710, 169711, 169712, 169713, 169714, 169715, 169716, 169717, 169718, 169719, 169720, 169821, 169822, 169823, 169824, 169825, 169826, 169827, 169828, 169829, 169830, 169831, 169847, 169848, 169849, 169850, 169851, 169852, 169853, 169854, 169855, 169856, 169857, 169858, 169834, 169835, 169836, 169837, 169838, 169839, 169840, 169841, 169842, 169843, 169844, 169871, 169884, 169885, 169886, 169887, 169888, 169889, 169890, 169891, 169892, 169893, 169894, 169895, 169897, 169898, 169899, 169900, 169901, 169902, 169903, 169904, 169905, 169906, 169907, 169908, 169870, 169909, 169910, 169911, 169912, 169913, 169914, 169915, 169916, 169917, 169918, 169919, 169920, 169872, 169873, 169874, 169875, 169876, 169877, 169878, 169879, 169880, 169881, 169882, 169883, 169927, 169928, 169929, 169930, 169931, 169932, 169896, 169939, 169940, 169941, 169942, 169943, 169944, 169951, 169952, 169953, 169954, 169955, 169956, 169859, 169860, 169861, 169862, 169863, 169864, 169865, 169866, 169867, 169868, 169869, 169966, 169967, 169968, 169969, 169970, 169971, 169972, 169973, 169974, 169832, 169833, 169984, 169985, 169986, 169987, 169988, 169989, 169990, 169991, 169992, 170002, 170003, 170004, 170005, 170006, 170007, 170008, 170009, 170010, 170017, 170018, 170019, 170020, 170021, 170022, 169845, 169846, 170032, 170033, 170034, 170035, 170036, 170037, 170038, 170039, 170040]","[3132, 3133, 3134, 3135, 3136, 3137, 3138, 3139]"
